{"timestamp": "2025-08-27T17:58:19.029251Z", "level": "INFO", "logger": "app", "message": "Wedding Planner application starting", "module": "logger_config", "function": "init_app_logging", "line": 447, "thread": 13456, "process": 16604, "data": {"log_level": "INFO", "environment": "development", "python_version": "3.13.3 (tags/v3.13.3:6280bb5, Apr  8 2025, 14:47:33) [MSC v.1943 64 bit (AMD64)]", "cwd": "C:\\Users\\razam\\Desktop\\Wedding\\Server"}}
{"timestamp": "2025-08-27T17:58:19.029909Z", "level": "INFO", "logger": "app", "message": "Creating Flask application in DEV environment", "module": "main", "function": "create_app", "line": 30, "thread": 13456, "process": 16604}
{"timestamp": "2025-08-27T17:58:19.030365Z", "level": "INFO", "logger": "app", "message": "MongoDB URI configured: mongodb://localhost:27017/wedding_planner", "module": "main", "function": "create_app", "line": 43, "thread": 13456, "process": 16604}
{"timestamp": "2025-08-27T17:58:19.091313Z", "level": "INFO", "logger": "app", "message": "Registering API blueprints", "module": "main", "function": "create_app", "line": 76, "thread": 13456, "process": 16604}
{"timestamp": "2025-08-27T17:58:19.104783Z", "level": "INFO", "logger": "app", "message": "Setting up background scheduler for booking reminders", "module": "main", "function": "create_app", "line": 155, "thread": 13456, "process": 16604}
{"timestamp": "2025-08-27T17:58:19.132057Z", "level": "INFO", "logger": "apscheduler.scheduler", "message": "Adding job tentatively -- it will be properly scheduled when the scheduler starts", "module": "base", "function": "add_job", "line": 507, "thread": 13456, "process": 16604}
{"timestamp": "2025-08-27T17:58:19.132572Z", "level": "INFO", "logger": "apscheduler.scheduler", "message": "Added job \"create_app.<locals>.scheduled_send_booking_return_reminders\" to job store \"default\"", "module": "base", "function": "_real_add_job", "line": 1090, "thread": 13456, "process": 16604}
{"timestamp": "2025-08-27T17:58:19.132780Z", "level": "INFO", "logger": "apscheduler.scheduler", "message": "Scheduler started", "module": "base", "function": "start", "line": 214, "thread": 13456, "process": 16604}
{"timestamp": "2025-08-27T17:58:19.133489Z", "level": "INFO", "logger": "app", "message": "Initializing database and collections", "module": "main", "function": "create_app", "line": 161, "thread": 13456, "process": 16604}
{"timestamp": "2025-08-27T17:58:19.267877Z", "level": "INFO", "logger": "models", "message": "Database initialized successfully with MongoDB", "module": "models", "function": "init_db", "line": 357, "thread": 13456, "process": 16604}
{"timestamp": "2025-08-27T17:58:19.268269Z", "level": "INFO", "logger": "app", "message": "Sending initial booking return reminders", "module": "main", "function": "create_app", "line": 168, "thread": 13456, "process": 16604}
{"timestamp": "2025-08-27T17:58:19.281990Z", "level": "INFO", "logger": "app", "message": "Flask application created successfully", "module": "main", "function": "create_app", "line": 175, "thread": 13456, "process": 16604}
{"timestamp": "2025-08-27T17:58:19.282540Z", "level": "INFO", "logger": "main", "message": "Starting Wedding Planner application on port 5000", "module": "main", "function": "<module>", "line": 184, "thread": 13456, "process": 16604}
{"timestamp": "2025-08-27T17:58:19.342162Z", "level": "INFO", "logger": "werkzeug", "message": "\u001b[31m\u001b[1mWARNING: This is a development server. Do not use it in a production deployment. Use a production WSGI server instead.\u001b[0m\n * Running on all addresses (0.0.0.0)\n * Running on http://127.0.0.1:5000\n * Running on http://192.168.31.182:5000", "module": "_internal", "function": "_log", "line": 97, "thread": 13456, "process": 16604}
{"timestamp": "2025-08-27T17:58:19.342581Z", "level": "INFO", "logger": "werkzeug", "message": "\u001b[33mPress CTRL+C to quit\u001b[0m", "module": "_internal", "function": "_log", "line": 97, "thread": 13456, "process": 16604}
{"timestamp": "2025-08-27T17:58:19.345824Z", "level": "INFO", "logger": "werkzeug", "message": " * Restarting with stat", "module": "_internal", "function": "_log", "line": 97, "thread": 13456, "process": 16604}
{"timestamp": "2025-08-27T17:58:21.609790Z", "level": "INFO", "logger": "app", "message": "Wedding Planner application starting", "module": "logger_config", "function": "init_app_logging", "line": 447, "thread": 19092, "process": 31036, "data": {"log_level": "INFO", "environment": "development", "python_version": "3.13.3 (tags/v3.13.3:6280bb5, Apr  8 2025, 14:47:33) [MSC v.1943 64 bit (AMD64)]", "cwd": "C:\\Users\\razam\\Desktop\\Wedding\\Server"}}
{"timestamp": "2025-08-27T17:58:21.610382Z", "level": "INFO", "logger": "app", "message": "Creating Flask application in DEV environment", "module": "main", "function": "create_app", "line": 30, "thread": 19092, "process": 31036}
{"timestamp": "2025-08-27T17:58:21.610634Z", "level": "INFO", "logger": "app", "message": "MongoDB URI configured: mongodb://localhost:27017/wedding_planner", "module": "main", "function": "create_app", "line": 43, "thread": 19092, "process": 31036}
{"timestamp": "2025-08-27T17:58:21.613339Z", "level": "INFO", "logger": "app", "message": "Registering API blueprints", "module": "main", "function": "create_app", "line": 76, "thread": 19092, "process": 31036}
{"timestamp": "2025-08-27T17:58:21.630491Z", "level": "INFO", "logger": "app", "message": "Setting up background scheduler for booking reminders", "module": "main", "function": "create_app", "line": 155, "thread": 19092, "process": 31036}
{"timestamp": "2025-08-27T17:58:21.639498Z", "level": "INFO", "logger": "apscheduler.scheduler", "message": "Adding job tentatively -- it will be properly scheduled when the scheduler starts", "module": "base", "function": "add_job", "line": 507, "thread": 19092, "process": 31036}
{"timestamp": "2025-08-27T17:58:21.640393Z", "level": "INFO", "logger": "apscheduler.scheduler", "message": "Added job \"create_app.<locals>.scheduled_send_booking_return_reminders\" to job store \"default\"", "module": "base", "function": "_real_add_job", "line": 1090, "thread": 19092, "process": 31036}
{"timestamp": "2025-08-27T17:58:21.640826Z", "level": "INFO", "logger": "apscheduler.scheduler", "message": "Scheduler started", "module": "base", "function": "start", "line": 214, "thread": 19092, "process": 31036}
{"timestamp": "2025-08-27T17:58:21.641610Z", "level": "INFO", "logger": "app", "message": "Initializing database and collections", "module": "main", "function": "create_app", "line": 161, "thread": 19092, "process": 31036}
{"timestamp": "2025-08-27T17:58:21.699626Z", "level": "INFO", "logger": "models", "message": "Database initialized successfully with MongoDB", "module": "models", "function": "init_db", "line": 357, "thread": 19092, "process": 31036}
{"timestamp": "2025-08-27T17:58:21.700198Z", "level": "INFO", "logger": "app", "message": "Sending initial booking return reminders", "module": "main", "function": "create_app", "line": 168, "thread": 19092, "process": 31036}
{"timestamp": "2025-08-27T17:58:21.702662Z", "level": "INFO", "logger": "app", "message": "Flask application created successfully", "module": "main", "function": "create_app", "line": 175, "thread": 19092, "process": 31036}
{"timestamp": "2025-08-27T17:58:21.702949Z", "level": "INFO", "logger": "main", "message": "Starting Wedding Planner application on port 5000", "module": "main", "function": "<module>", "line": 184, "thread": 19092, "process": 31036}
{"timestamp": "2025-08-27T17:58:21.715208Z", "level": "WARNING", "logger": "werkzeug", "message": " * Debugger is active!", "module": "_internal", "function": "_log", "line": 97, "thread": 19092, "process": 31036}
{"timestamp": "2025-08-27T17:58:21.722152Z", "level": "INFO", "logger": "werkzeug", "message": " * Debugger PIN: 637-078-981", "module": "_internal", "function": "_log", "line": 97, "thread": 19092, "process": 31036}
{"timestamp": "2025-08-27T17:58:53.924171Z", "level": "INFO", "logger": "werkzeug", "message": " * Detected change in 'C:\\\\Users\\\\razam\\\\Desktop\\\\Wedding\\\\Server\\\\email_utils.py', reloading", "module": "_internal", "function": "_log", "line": 97, "thread": 19092, "process": 31036}
{"timestamp": "2025-08-27T17:58:53.924921Z", "level": "INFO", "logger": "apscheduler.scheduler", "message": "Scheduler has been shut down", "module": "base", "function": "shutdown", "line": 245, "thread": 19092, "process": 31036}
{"timestamp": "2025-08-27T17:58:54.685866Z", "level": "INFO", "logger": "werkzeug", "message": " * Restarting with stat", "module": "_internal", "function": "_log", "line": 97, "thread": 13456, "process": 16604}
{"timestamp": "2025-08-27T17:58:57.209769Z", "level": "INFO", "logger": "app", "message": "Wedding Planner application starting", "module": "logger_config", "function": "init_app_logging", "line": 447, "thread": 22760, "process": 30356, "data": {"log_level": "INFO", "environment": "development", "python_version": "3.13.3 (tags/v3.13.3:6280bb5, Apr  8 2025, 14:47:33) [MSC v.1943 64 bit (AMD64)]", "cwd": "C:\\Users\\razam\\Desktop\\Wedding\\Server"}}
{"timestamp": "2025-08-27T17:58:57.210627Z", "level": "INFO", "logger": "app", "message": "Creating Flask application in DEV environment", "module": "main", "function": "create_app", "line": 30, "thread": 22760, "process": 30356}
{"timestamp": "2025-08-27T17:58:57.211562Z", "level": "INFO", "logger": "app", "message": "MongoDB URI configured: mongodb://localhost:27017/wedding_planner", "module": "main", "function": "create_app", "line": 43, "thread": 22760, "process": 30356}
{"timestamp": "2025-08-27T17:58:57.215218Z", "level": "INFO", "logger": "app", "message": "Registering API blueprints", "module": "main", "function": "create_app", "line": 76, "thread": 22760, "process": 30356}
{"timestamp": "2025-08-27T17:58:57.230716Z", "level": "INFO", "logger": "app", "message": "Setting up background scheduler for booking reminders", "module": "main", "function": "create_app", "line": 155, "thread": 22760, "process": 30356}
{"timestamp": "2025-08-27T17:58:57.238410Z", "level": "INFO", "logger": "apscheduler.scheduler", "message": "Adding job tentatively -- it will be properly scheduled when the scheduler starts", "module": "base", "function": "add_job", "line": 507, "thread": 22760, "process": 30356}
{"timestamp": "2025-08-27T17:58:57.239007Z", "level": "INFO", "logger": "apscheduler.scheduler", "message": "Added job \"create_app.<locals>.scheduled_send_booking_return_reminders\" to job store \"default\"", "module": "base", "function": "_real_add_job", "line": 1090, "thread": 22760, "process": 30356}
{"timestamp": "2025-08-27T17:58:57.239212Z", "level": "INFO", "logger": "apscheduler.scheduler", "message": "Scheduler started", "module": "base", "function": "start", "line": 214, "thread": 22760, "process": 30356}
{"timestamp": "2025-08-27T17:58:57.239989Z", "level": "INFO", "logger": "app", "message": "Initializing database and collections", "module": "main", "function": "create_app", "line": 161, "thread": 22760, "process": 30356}
{"timestamp": "2025-08-27T17:58:57.287174Z", "level": "INFO", "logger": "models", "message": "Database initialized successfully with MongoDB", "module": "models", "function": "init_db", "line": 357, "thread": 22760, "process": 30356}
{"timestamp": "2025-08-27T17:58:57.287689Z", "level": "INFO", "logger": "app", "message": "Sending initial booking return reminders", "module": "main", "function": "create_app", "line": 168, "thread": 22760, "process": 30356}
{"timestamp": "2025-08-27T17:58:57.291121Z", "level": "INFO", "logger": "app", "message": "Flask application created successfully", "module": "main", "function": "create_app", "line": 175, "thread": 22760, "process": 30356}
{"timestamp": "2025-08-27T17:58:57.291583Z", "level": "INFO", "logger": "main", "message": "Starting Wedding Planner application on port 5000", "module": "main", "function": "<module>", "line": 184, "thread": 22760, "process": 30356}
{"timestamp": "2025-08-27T17:58:57.304675Z", "level": "WARNING", "logger": "werkzeug", "message": " * Debugger is active!", "module": "_internal", "function": "_log", "line": 97, "thread": 22760, "process": 30356}
{"timestamp": "2025-08-27T17:58:57.362674Z", "level": "INFO", "logger": "werkzeug", "message": " * Debugger PIN: 637-078-981", "module": "_internal", "function": "_log", "line": 97, "thread": 22760, "process": 30356}
{"timestamp": "2025-08-27T18:02:13.356968Z", "level": "INFO", "logger": "app", "message": "Wedding Planner application starting", "module": "logger_config", "function": "init_app_logging", "line": 447, "thread": 29628, "process": 8308, "data": {"log_level": "INFO", "environment": "development", "python_version": "3.13.3 (tags/v3.13.3:6280bb5, Apr  8 2025, 14:47:33) [MSC v.1943 64 bit (AMD64)]", "cwd": "C:\\Users\\razam\\Desktop\\Wedding\\Server"}}
{"timestamp": "2025-08-27T18:02:13.357877Z", "level": "INFO", "logger": "app", "message": "Creating Flask application in DEV environment", "module": "main", "function": "create_app", "line": 30, "thread": 29628, "process": 8308}
{"timestamp": "2025-08-27T18:02:13.358104Z", "level": "INFO", "logger": "app", "message": "MongoDB URI configured: mongodb://localhost:27017/wedding_planner", "module": "main", "function": "create_app", "line": 43, "thread": 29628, "process": 8308}
{"timestamp": "2025-08-27T18:02:13.403282Z", "level": "INFO", "logger": "app", "message": "Registering API blueprints", "module": "main", "function": "create_app", "line": 76, "thread": 29628, "process": 8308}
{"timestamp": "2025-08-27T18:02:13.418808Z", "level": "INFO", "logger": "app", "message": "Setting up background scheduler for booking reminders", "module": "main", "function": "create_app", "line": 155, "thread": 29628, "process": 8308}
{"timestamp": "2025-08-27T18:02:13.433435Z", "level": "INFO", "logger": "apscheduler.scheduler", "message": "Adding job tentatively -- it will be properly scheduled when the scheduler starts", "module": "base", "function": "add_job", "line": 507, "thread": 29628, "process": 8308}
{"timestamp": "2025-08-27T18:02:13.435452Z", "level": "INFO", "logger": "apscheduler.scheduler", "message": "Added job \"create_app.<locals>.scheduled_send_booking_return_reminders\" to job store \"default\"", "module": "base", "function": "_real_add_job", "line": 1090, "thread": 29628, "process": 8308}
{"timestamp": "2025-08-27T18:02:13.435834Z", "level": "INFO", "logger": "apscheduler.scheduler", "message": "Scheduler started", "module": "base", "function": "start", "line": 214, "thread": 29628, "process": 8308}
{"timestamp": "2025-08-27T18:02:13.436872Z", "level": "INFO", "logger": "app", "message": "Initializing database and collections", "module": "main", "function": "create_app", "line": 161, "thread": 29628, "process": 8308}
{"timestamp": "2025-08-27T18:02:13.481078Z", "level": "INFO", "logger": "models", "message": "Database initialized successfully with MongoDB", "module": "models", "function": "init_db", "line": 357, "thread": 29628, "process": 8308}
{"timestamp": "2025-08-27T18:02:13.481455Z", "level": "INFO", "logger": "app", "message": "Sending initial booking return reminders", "module": "main", "function": "create_app", "line": 168, "thread": 29628, "process": 8308}
{"timestamp": "2025-08-27T18:02:13.483379Z", "level": "INFO", "logger": "app", "message": "Flask application created successfully", "module": "main", "function": "create_app", "line": 175, "thread": 29628, "process": 8308}
{"timestamp": "2025-08-27T18:02:13.483638Z", "level": "INFO", "logger": "main", "message": "Starting Wedding Planner application on port 5000", "module": "main", "function": "<module>", "line": 184, "thread": 29628, "process": 8308}
{"timestamp": "2025-08-27T18:02:13.536374Z", "level": "INFO", "logger": "werkzeug", "message": "\u001b[31m\u001b[1mWARNING: This is a development server. Do not use it in a production deployment. Use a production WSGI server instead.\u001b[0m\n * Running on all addresses (0.0.0.0)\n * Running on http://127.0.0.1:5000\n * Running on http://192.168.31.182:5000", "module": "_internal", "function": "_log", "line": 97, "thread": 29628, "process": 8308}
{"timestamp": "2025-08-27T18:02:13.536796Z", "level": "INFO", "logger": "werkzeug", "message": "\u001b[33mPress CTRL+C to quit\u001b[0m", "module": "_internal", "function": "_log", "line": 97, "thread": 29628, "process": 8308}
{"timestamp": "2025-08-27T18:02:13.538959Z", "level": "INFO", "logger": "werkzeug", "message": " * Restarting with stat", "module": "_internal", "function": "_log", "line": 97, "thread": 29628, "process": 8308}
{"timestamp": "2025-08-27T18:02:15.161391Z", "level": "INFO", "logger": "app", "message": "Wedding Planner application starting", "module": "logger_config", "function": "init_app_logging", "line": 447, "thread": 19744, "process": 22536, "data": {"log_level": "INFO", "environment": "development", "python_version": "3.13.3 (tags/v3.13.3:6280bb5, Apr  8 2025, 14:47:33) [MSC v.1943 64 bit (AMD64)]", "cwd": "C:\\Users\\razam\\Desktop\\Wedding\\Server"}}
{"timestamp": "2025-08-27T18:02:15.161957Z", "level": "INFO", "logger": "app", "message": "Creating Flask application in DEV environment", "module": "main", "function": "create_app", "line": 30, "thread": 19744, "process": 22536}
{"timestamp": "2025-08-27T18:02:15.162189Z", "level": "INFO", "logger": "app", "message": "MongoDB URI configured: mongodb://localhost:27017/wedding_planner", "module": "main", "function": "create_app", "line": 43, "thread": 19744, "process": 22536}
{"timestamp": "2025-08-27T18:02:15.164830Z", "level": "INFO", "logger": "app", "message": "Registering API blueprints", "module": "main", "function": "create_app", "line": 76, "thread": 19744, "process": 22536}
{"timestamp": "2025-08-27T18:02:15.180692Z", "level": "INFO", "logger": "app", "message": "Setting up background scheduler for booking reminders", "module": "main", "function": "create_app", "line": 155, "thread": 19744, "process": 22536}
{"timestamp": "2025-08-27T18:02:15.189419Z", "level": "INFO", "logger": "apscheduler.scheduler", "message": "Adding job tentatively -- it will be properly scheduled when the scheduler starts", "module": "base", "function": "add_job", "line": 507, "thread": 19744, "process": 22536}
{"timestamp": "2025-08-27T18:02:15.191054Z", "level": "INFO", "logger": "apscheduler.scheduler", "message": "Added job \"create_app.<locals>.scheduled_send_booking_return_reminders\" to job store \"default\"", "module": "base", "function": "_real_add_job", "line": 1090, "thread": 19744, "process": 22536}
{"timestamp": "2025-08-27T18:02:15.191329Z", "level": "INFO", "logger": "apscheduler.scheduler", "message": "Scheduler started", "module": "base", "function": "start", "line": 214, "thread": 19744, "process": 22536}
{"timestamp": "2025-08-27T18:02:15.192407Z", "level": "INFO", "logger": "app", "message": "Initializing database and collections", "module": "main", "function": "create_app", "line": 161, "thread": 19744, "process": 22536}
{"timestamp": "2025-08-27T18:02:15.226464Z", "level": "INFO", "logger": "models", "message": "Database initialized successfully with MongoDB", "module": "models", "function": "init_db", "line": 357, "thread": 19744, "process": 22536}
{"timestamp": "2025-08-27T18:02:15.226922Z", "level": "INFO", "logger": "app", "message": "Sending initial booking return reminders", "module": "main", "function": "create_app", "line": 168, "thread": 19744, "process": 22536}
{"timestamp": "2025-08-27T18:02:15.228902Z", "level": "INFO", "logger": "app", "message": "Flask application created successfully", "module": "main", "function": "create_app", "line": 175, "thread": 19744, "process": 22536}
{"timestamp": "2025-08-27T18:02:15.229271Z", "level": "INFO", "logger": "main", "message": "Starting Wedding Planner application on port 5000", "module": "main", "function": "<module>", "line": 184, "thread": 19744, "process": 22536}
{"timestamp": "2025-08-27T18:02:15.242168Z", "level": "WARNING", "logger": "werkzeug", "message": " * Debugger is active!", "module": "_internal", "function": "_log", "line": 97, "thread": 19744, "process": 22536}
{"timestamp": "2025-08-27T18:02:15.248372Z", "level": "INFO", "logger": "werkzeug", "message": " * Debugger PIN: 100-052-627", "module": "_internal", "function": "_log", "line": 97, "thread": 19744, "process": 22536}
{"timestamp": "2025-08-27T18:08:02.020190Z", "level": "ERROR", "logger": "app", "message": "Unhandled exception in GET /", "module": "main", "function": "handle_exception", "line": 110, "thread": 31528, "process": 22536, "request_id": "2f8a47a4-6233-443d-aaca-e6049e6c82ff", "http": {"method": "GET", "url": "http://127.0.0.1:5000/", "remote_addr": "127.0.0.1", "user_agent": "Mozilla/5.0 (Windows NT 10.0; Win64; x64) AppleWebKit/537.36 (KHTML, like Gecko) Chrome/139.0.0.0 Safari/537.36", "content_type": null}, "exception": {"type": "NotFound", "message": "404 Not Found: The requested URL was not found on the server. If you entered the URL manually please check your spelling and try again.", "traceback": ["Traceback (most recent call last):\n", "  File \"C:\\Users\\razam\\Desktop\\Wedding\\venv\\Lib\\site-packages\\flask\\app.py\", line 917, in full_dispatch_request\n    rv = self.dispatch_request()\n", "  File \"C:\\Users\\razam\\Desktop\\Wedding\\venv\\Lib\\site-packages\\flask\\app.py\", line 902, in dispatch_request\n    return self.ensure_sync(self.view_functions[rule.endpoint])(**view_args)  # type: ignore[no-any-return]\n           ~~~~~~~~~~~~~~~~~~~~~~~~~~~~~~~~~~~~~~~~~~~~~~~~~~~~^^^^^^^^^^^^^\n", "  File \"C:\\Users\\razam\\Desktop\\Wedding\\Server\\main.py\", line 137, in serve_static\n    return send_from_directory(app.static_folder, 'index.html')\n", "  File \"C:\\Users\\razam\\Desktop\\Wedding\\venv\\Lib\\site-packages\\flask\\helpers.py\", line 565, in send_from_directory\n    return werkzeug.utils.send_from_directory(  # type: ignore[return-value]\n           ~~~~~~~~~~~~~~~~~~~~~~~~~~~~~~~~~~^^^^^^^^^^^^^^^^^^^^^^^^^^^^^^^\n        directory, path, **_prepare_send_file_kwargs(**kwargs)\n        ^^^^^^^^^^^^^^^^^^^^^^^^^^^^^^^^^^^^^^^^^^^^^^^^^^^^^^\n    )\n    ^\n", "  File \"C:\\Users\\razam\\Desktop\\Wedding\\venv\\Lib\\site-packages\\werkzeug\\utils.py\", line 575, in send_from_directory\n    raise NotFound()\n", "werkzeug.exceptions.NotFound: 404 Not Found: The requested URL was not found on the server. If you entered the URL manually please check your spelling and try again.\n"]}, "data": {"request_id": "2f8a47a4-6233-443d-aaca-e6049e6c82ff", "method": "GET", "path": "/", "remote_addr": "127.0.0.1", "error_type": "NotFound"}}
{"timestamp": "2025-08-27T18:08:02.033948Z", "level": "INFO", "logger": "app", "message": "Request completed: GET / - 500 in 14.15ms", "module": "main", "function": "after_request", "line": 61, "thread": 31528, "process": 22536, "request_id": "2f8a47a4-6233-443d-aaca-e6049e6c82ff", "http": {"method": "GET", "url": "http://127.0.0.1:5000/", "remote_addr": "127.0.0.1", "user_agent": "Mozilla/5.0 (Windows NT 10.0; Win64; x64) AppleWebKit/537.36 (KHTML, like Gecko) Chrome/139.0.0.0 Safari/537.36", "content_type": null}, "data": {"request_id": "2f8a47a4-6233-443d-aaca-e6049e6c82ff", "method": "GET", "path": "/", "status_code": 500, "duration_ms": 14.145851135253906, "content_length": 148, "remote_addr": "127.0.0.1"}}
{"timestamp": "2025-08-27T18:08:02.035791Z", "level": "INFO", "logger": "werkzeug", "message": "127.0.0.1 - - [27/Aug/2025 21:08:02] \"\u001b[35m\u001b[1mGET / HTTP/1.1\u001b[0m\" 500 -", "module": "_internal", "function": "_log", "line": 97, "thread": 31528, "process": 22536}
{"timestamp": "2025-08-27T18:08:02.086112Z", "level": "ERROR", "logger": "app", "message": "Unhandled exception in GET /favicon.ico", "module": "main", "function": "handle_exception", "line": 110, "thread": 25224, "process": 22536, "request_id": "a1e994f0-1a4a-46cb-a3df-678aab1255a7", "http": {"method": "GET", "url": "http://127.0.0.1:5000/favicon.ico", "remote_addr": "127.0.0.1", "user_agent": "Mozilla/5.0 (Windows NT 10.0; Win64; x64) AppleWebKit/537.36 (KHTML, like Gecko) Chrome/139.0.0.0 Safari/537.36", "content_type": null}, "exception": {"type": "NotFound", "message": "404 Not Found: The requested URL was not found on the server. If you entered the URL manually please check your spelling and try again.", "traceback": ["Traceback (most recent call last):\n", "  File \"C:\\Users\\razam\\Desktop\\Wedding\\venv\\Lib\\site-packages\\flask\\app.py\", line 917, in full_dispatch_request\n    rv = self.dispatch_request()\n", "  File \"C:\\Users\\razam\\Desktop\\Wedding\\venv\\Lib\\site-packages\\flask\\app.py\", line 902, in dispatch_request\n    return self.ensure_sync(self.view_functions[rule.endpoint])(**view_args)  # type: ignore[no-any-return]\n           ~~~~~~~~~~~~~~~~~~~~~~~~~~~~~~~~~~~~~~~~~~~~~~~~~~~~^^^^^^^^^^^^^\n", "  File \"C:\\Users\\razam\\Desktop\\Wedding\\Server\\main.py\", line 142, in serve_static_files\n    return send_from_directory(os.path.join(app.static_folder), path)\n", "  File \"C:\\Users\\razam\\Desktop\\Wedding\\venv\\Lib\\site-packages\\flask\\helpers.py\", line 565, in send_from_directory\n    return werkzeug.utils.send_from_directory(  # type: ignore[return-value]\n           ~~~~~~~~~~~~~~~~~~~~~~~~~~~~~~~~~~^^^^^^^^^^^^^^^^^^^^^^^^^^^^^^^\n        directory, path, **_prepare_send_file_kwargs(**kwargs)\n        ^^^^^^^^^^^^^^^^^^^^^^^^^^^^^^^^^^^^^^^^^^^^^^^^^^^^^^\n    )\n    ^\n", "  File \"C:\\Users\\razam\\Desktop\\Wedding\\venv\\Lib\\site-packages\\werkzeug\\utils.py\", line 575, in send_from_directory\n    raise NotFound()\n", "werkzeug.exceptions.NotFound: 404 Not Found: The requested URL was not found on the server. If you entered the URL manually please check your spelling and try again.\n"]}, "data": {"request_id": "a1e994f0-1a4a-46cb-a3df-678aab1255a7", "method": "GET", "path": "/favicon.ico", "remote_addr": "127.0.0.1", "error_type": "NotFound"}}
{"timestamp": "2025-08-27T18:08:02.093443Z", "level": "INFO", "logger": "app", "message": "Request completed: GET /favicon.ico - 500 in 7.51ms", "module": "main", "function": "after_request", "line": 61, "thread": 25224, "process": 22536, "request_id": "a1e994f0-1a4a-46cb-a3df-678aab1255a7", "http": {"method": "GET", "url": "http://127.0.0.1:5000/favicon.ico", "remote_addr": "127.0.0.1", "user_agent": "Mozilla/5.0 (Windows NT 10.0; Win64; x64) AppleWebKit/537.36 (KHTML, like Gecko) Chrome/139.0.0.0 Safari/537.36", "content_type": null}, "data": {"request_id": "a1e994f0-1a4a-46cb-a3df-678aab1255a7", "method": "GET", "path": "/favicon.ico", "status_code": 500, "duration_ms": 7.514238357543945, "content_length": 148, "remote_addr": "127.0.0.1"}}
{"timestamp": "2025-08-27T18:08:02.094194Z", "level": "INFO", "logger": "werkzeug", "message": "127.0.0.1 - - [27/Aug/2025 21:08:02] \"\u001b[35m\u001b[1mGET /favicon.ico HTTP/1.1\u001b[0m\" 500 -", "module": "_internal", "function": "_log", "line": 97, "thread": 25224, "process": 22536}
{"timestamp": "2025-08-27T18:09:21.464437Z", "level": "INFO", "logger": "werkzeug", "message": " * Detected change in 'C:\\\\Users\\\\razam\\\\Desktop\\\\Wedding\\\\Server\\\\bookings.py', reloading", "module": "_internal", "function": "_log", "line": 97, "thread": 19744, "process": 22536}
{"timestamp": "2025-08-27T18:09:21.465207Z", "level": "INFO", "logger": "apscheduler.scheduler", "message": "Scheduler has been shut down", "module": "base", "function": "shutdown", "line": 245, "thread": 19744, "process": 22536}
{"timestamp": "2025-08-27T18:09:21.958079Z", "level": "INFO", "logger": "werkzeug", "message": " * Restarting with stat", "module": "_internal", "function": "_log", "line": 97, "thread": 29628, "process": 8308}
{"timestamp": "2025-08-27T18:09:23.659328Z", "level": "INFO", "logger": "app", "message": "Wedding Planner application starting", "module": "logger_config", "function": "init_app_logging", "line": 447, "thread": 31580, "process": 12864, "data": {"log_level": "INFO", "environment": "development", "python_version": "3.13.3 (tags/v3.13.3:6280bb5, Apr  8 2025, 14:47:33) [MSC v.1943 64 bit (AMD64)]", "cwd": "C:\\Users\\razam\\Desktop\\Wedding\\Server"}}
{"timestamp": "2025-08-27T18:09:23.659904Z", "level": "INFO", "logger": "app", "message": "Creating Flask application in DEV environment", "module": "main", "function": "create_app", "line": 30, "thread": 31580, "process": 12864}
{"timestamp": "2025-08-27T18:09:23.660192Z", "level": "INFO", "logger": "app", "message": "MongoDB URI configured: mongodb://localhost:27017/wedding_planner", "module": "main", "function": "create_app", "line": 43, "thread": 31580, "process": 12864}
{"timestamp": "2025-08-27T18:09:23.663508Z", "level": "INFO", "logger": "app", "message": "Registering API blueprints", "module": "main", "function": "create_app", "line": 76, "thread": 31580, "process": 12864}
{"timestamp": "2025-08-27T18:09:23.679691Z", "level": "INFO", "logger": "app", "message": "Setting up background scheduler for booking reminders", "module": "main", "function": "create_app", "line": 155, "thread": 31580, "process": 12864}
{"timestamp": "2025-08-27T18:09:23.689488Z", "level": "INFO", "logger": "apscheduler.scheduler", "message": "Adding job tentatively -- it will be properly scheduled when the scheduler starts", "module": "base", "function": "add_job", "line": 507, "thread": 31580, "process": 12864}
{"timestamp": "2025-08-27T18:09:23.692261Z", "level": "INFO", "logger": "apscheduler.scheduler", "message": "Added job \"create_app.<locals>.scheduled_send_booking_return_reminders\" to job store \"default\"", "module": "base", "function": "_real_add_job", "line": 1090, "thread": 31580, "process": 12864}
{"timestamp": "2025-08-27T18:09:23.692701Z", "level": "INFO", "logger": "apscheduler.scheduler", "message": "Scheduler started", "module": "base", "function": "start", "line": 214, "thread": 31580, "process": 12864}
{"timestamp": "2025-08-27T18:09:23.694110Z", "level": "INFO", "logger": "app", "message": "Initializing database and collections", "module": "main", "function": "create_app", "line": 161, "thread": 31580, "process": 12864}
{"timestamp": "2025-08-27T18:09:23.770783Z", "level": "INFO", "logger": "models", "message": "Database initialized successfully with MongoDB", "module": "models", "function": "init_db", "line": 357, "thread": 31580, "process": 12864}
{"timestamp": "2025-08-27T18:09:23.771216Z", "level": "INFO", "logger": "app", "message": "Sending initial booking return reminders", "module": "main", "function": "create_app", "line": 168, "thread": 31580, "process": 12864}
{"timestamp": "2025-08-27T18:09:23.775000Z", "level": "INFO", "logger": "app", "message": "Flask application created successfully", "module": "main", "function": "create_app", "line": 175, "thread": 31580, "process": 12864}
{"timestamp": "2025-08-27T18:09:23.775403Z", "level": "INFO", "logger": "main", "message": "Starting Wedding Planner application on port 5000", "module": "main", "function": "<module>", "line": 184, "thread": 31580, "process": 12864}
{"timestamp": "2025-08-27T18:09:23.790298Z", "level": "WARNING", "logger": "werkzeug", "message": " * Debugger is active!", "module": "_internal", "function": "_log", "line": 97, "thread": 31580, "process": 12864}
{"timestamp": "2025-08-27T18:09:23.796112Z", "level": "INFO", "logger": "werkzeug", "message": " * Debugger PIN: 100-052-627", "module": "_internal", "function": "_log", "line": 97, "thread": 31580, "process": 12864}
{"timestamp": "2025-08-27T18:09:34.106084Z", "level": "INFO", "logger": "werkzeug", "message": " * Detected change in 'C:\\\\Users\\\\razam\\\\Desktop\\\\Wedding\\\\Server\\\\bookings.py', reloading", "module": "_internal", "function": "_log", "line": 97, "thread": 31580, "process": 12864}
{"timestamp": "2025-08-27T18:09:34.107193Z", "level": "INFO", "logger": "apscheduler.scheduler", "message": "Scheduler has been shut down", "module": "base", "function": "shutdown", "line": 245, "thread": 31580, "process": 12864}
{"timestamp": "2025-08-27T18:09:34.487904Z", "level": "INFO", "logger": "werkzeug", "message": " * Restarting with stat", "module": "_internal", "function": "_log", "line": 97, "thread": 29628, "process": 8308}
{"timestamp": "2025-08-27T18:09:36.167985Z", "level": "INFO", "logger": "app", "message": "Wedding Planner application starting", "module": "logger_config", "function": "init_app_logging", "line": 447, "thread": 21296, "process": 13652, "data": {"log_level": "INFO", "environment": "development", "python_version": "3.13.3 (tags/v3.13.3:6280bb5, Apr  8 2025, 14:47:33) [MSC v.1943 64 bit (AMD64)]", "cwd": "C:\\Users\\razam\\Desktop\\Wedding\\Server"}}
{"timestamp": "2025-08-27T18:09:36.168573Z", "level": "INFO", "logger": "app", "message": "Creating Flask application in DEV environment", "module": "main", "function": "create_app", "line": 30, "thread": 21296, "process": 13652}
{"timestamp": "2025-08-27T18:09:36.168813Z", "level": "INFO", "logger": "app", "message": "MongoDB URI configured: mongodb://localhost:27017/wedding_planner", "module": "main", "function": "create_app", "line": 43, "thread": 21296, "process": 13652}
{"timestamp": "2025-08-27T18:09:36.171327Z", "level": "INFO", "logger": "app", "message": "Registering API blueprints", "module": "main", "function": "create_app", "line": 76, "thread": 21296, "process": 13652}
{"timestamp": "2025-08-27T18:09:36.186469Z", "level": "INFO", "logger": "app", "message": "Setting up background scheduler for booking reminders", "module": "main", "function": "create_app", "line": 155, "thread": 21296, "process": 13652}
{"timestamp": "2025-08-27T18:09:36.197035Z", "level": "INFO", "logger": "apscheduler.scheduler", "message": "Adding job tentatively -- it will be properly scheduled when the scheduler starts", "module": "base", "function": "add_job", "line": 507, "thread": 21296, "process": 13652}
{"timestamp": "2025-08-27T18:09:36.198692Z", "level": "INFO", "logger": "apscheduler.scheduler", "message": "Added job \"create_app.<locals>.scheduled_send_booking_return_reminders\" to job store \"default\"", "module": "base", "function": "_real_add_job", "line": 1090, "thread": 21296, "process": 13652}
{"timestamp": "2025-08-27T18:09:36.199024Z", "level": "INFO", "logger": "apscheduler.scheduler", "message": "Scheduler started", "module": "base", "function": "start", "line": 214, "thread": 21296, "process": 13652}
{"timestamp": "2025-08-27T18:09:36.200645Z", "level": "INFO", "logger": "app", "message": "Initializing database and collections", "module": "main", "function": "create_app", "line": 161, "thread": 21296, "process": 13652}
{"timestamp": "2025-08-27T18:09:36.246633Z", "level": "INFO", "logger": "models", "message": "Database initialized successfully with MongoDB", "module": "models", "function": "init_db", "line": 357, "thread": 21296, "process": 13652}
{"timestamp": "2025-08-27T18:09:36.247040Z", "level": "INFO", "logger": "app", "message": "Sending initial booking return reminders", "module": "main", "function": "create_app", "line": 168, "thread": 21296, "process": 13652}
{"timestamp": "2025-08-27T18:09:36.248818Z", "level": "INFO", "logger": "app", "message": "Flask application created successfully", "module": "main", "function": "create_app", "line": 175, "thread": 21296, "process": 13652}
{"timestamp": "2025-08-27T18:09:36.249154Z", "level": "INFO", "logger": "main", "message": "Starting Wedding Planner application on port 5000", "module": "main", "function": "<module>", "line": 184, "thread": 21296, "process": 13652}
{"timestamp": "2025-08-27T18:09:36.260812Z", "level": "WARNING", "logger": "werkzeug", "message": " * Debugger is active!", "module": "_internal", "function": "_log", "line": 97, "thread": 21296, "process": 13652}
{"timestamp": "2025-08-27T18:09:36.264284Z", "level": "INFO", "logger": "werkzeug", "message": " * Debugger PIN: 100-052-627", "module": "_internal", "function": "_log", "line": 97, "thread": 21296, "process": 13652}
{"timestamp": "2025-08-27T18:09:48.633437Z", "level": "INFO", "logger": "werkzeug", "message": " * Detected change in 'C:\\\\Users\\\\razam\\\\Desktop\\\\Wedding\\\\Server\\\\bookings.py', reloading", "module": "_internal", "function": "_log", "line": 97, "thread": 21296, "process": 13652}
{"timestamp": "2025-08-27T18:09:48.634341Z", "level": "INFO", "logger": "apscheduler.scheduler", "message": "Scheduler has been shut down", "module": "base", "function": "shutdown", "line": 245, "thread": 21296, "process": 13652}
{"timestamp": "2025-08-27T18:09:49.023915Z", "level": "INFO", "logger": "werkzeug", "message": " * Restarting with stat", "module": "_internal", "function": "_log", "line": 97, "thread": 29628, "process": 8308}
{"timestamp": "2025-08-27T18:09:50.774814Z", "level": "INFO", "logger": "app", "message": "Wedding Planner application starting", "module": "logger_config", "function": "init_app_logging", "line": 447, "thread": 23228, "process": 22076, "data": {"log_level": "INFO", "environment": "development", "python_version": "3.13.3 (tags/v3.13.3:6280bb5, Apr  8 2025, 14:47:33) [MSC v.1943 64 bit (AMD64)]", "cwd": "C:\\Users\\razam\\Desktop\\Wedding\\Server"}}
{"timestamp": "2025-08-27T18:09:50.775479Z", "level": "INFO", "logger": "app", "message": "Creating Flask application in DEV environment", "module": "main", "function": "create_app", "line": 30, "thread": 23228, "process": 22076}
{"timestamp": "2025-08-27T18:09:50.775784Z", "level": "INFO", "logger": "app", "message": "MongoDB URI configured: mongodb://localhost:27017/wedding_planner", "module": "main", "function": "create_app", "line": 43, "thread": 23228, "process": 22076}
{"timestamp": "2025-08-27T18:09:50.778454Z", "level": "INFO", "logger": "app", "message": "Registering API blueprints", "module": "main", "function": "create_app", "line": 76, "thread": 23228, "process": 22076}
{"timestamp": "2025-08-27T18:09:50.793832Z", "level": "INFO", "logger": "app", "message": "Setting up background scheduler for booking reminders", "module": "main", "function": "create_app", "line": 155, "thread": 23228, "process": 22076}
{"timestamp": "2025-08-27T18:09:50.802651Z", "level": "INFO", "logger": "apscheduler.scheduler", "message": "Adding job tentatively -- it will be properly scheduled when the scheduler starts", "module": "base", "function": "add_job", "line": 507, "thread": 23228, "process": 22076}
{"timestamp": "2025-08-27T18:09:50.804678Z", "level": "INFO", "logger": "apscheduler.scheduler", "message": "Added job \"create_app.<locals>.scheduled_send_booking_return_reminders\" to job store \"default\"", "module": "base", "function": "_real_add_job", "line": 1090, "thread": 23228, "process": 22076}
{"timestamp": "2025-08-27T18:09:50.805827Z", "level": "INFO", "logger": "apscheduler.scheduler", "message": "Scheduler started", "module": "base", "function": "start", "line": 214, "thread": 23228, "process": 22076}
{"timestamp": "2025-08-27T18:09:50.807415Z", "level": "INFO", "logger": "app", "message": "Initializing database and collections", "module": "main", "function": "create_app", "line": 161, "thread": 23228, "process": 22076}
{"timestamp": "2025-08-27T18:09:50.859462Z", "level": "INFO", "logger": "models", "message": "Database initialized successfully with MongoDB", "module": "models", "function": "init_db", "line": 357, "thread": 23228, "process": 22076}
{"timestamp": "2025-08-27T18:09:50.860011Z", "level": "INFO", "logger": "app", "message": "Sending initial booking return reminders", "module": "main", "function": "create_app", "line": 168, "thread": 23228, "process": 22076}
{"timestamp": "2025-08-27T18:09:50.862881Z", "level": "INFO", "logger": "app", "message": "Flask application created successfully", "module": "main", "function": "create_app", "line": 175, "thread": 23228, "process": 22076}
{"timestamp": "2025-08-27T18:09:50.863319Z", "level": "INFO", "logger": "main", "message": "Starting Wedding Planner application on port 5000", "module": "main", "function": "<module>", "line": 184, "thread": 23228, "process": 22076}
{"timestamp": "2025-08-27T18:09:50.877432Z", "level": "WARNING", "logger": "werkzeug", "message": " * Debugger is active!", "module": "_internal", "function": "_log", "line": 97, "thread": 23228, "process": 22076}
{"timestamp": "2025-08-27T18:09:50.882243Z", "level": "INFO", "logger": "werkzeug", "message": " * Debugger PIN: 100-052-627", "module": "_internal", "function": "_log", "line": 97, "thread": 23228, "process": 22076}
{"timestamp": "2025-08-27T18:10:01.194253Z", "level": "INFO", "logger": "werkzeug", "message": " * Detected change in 'C:\\\\Users\\\\razam\\\\Desktop\\\\Wedding\\\\Server\\\\validation.py', reloading", "module": "_internal", "function": "_log", "line": 97, "thread": 23228, "process": 22076}
{"timestamp": "2025-08-27T18:10:01.195904Z", "level": "INFO", "logger": "apscheduler.scheduler", "message": "Scheduler has been shut down", "module": "base", "function": "shutdown", "line": 245, "thread": 23228, "process": 22076}
{"timestamp": "2025-08-27T18:10:01.643087Z", "level": "INFO", "logger": "werkzeug", "message": " * Restarting with stat", "module": "_internal", "function": "_log", "line": 97, "thread": 29628, "process": 8308}
{"timestamp": "2025-08-27T18:10:03.425874Z", "level": "INFO", "logger": "app", "message": "Wedding Planner application starting", "module": "logger_config", "function": "init_app_logging", "line": 447, "thread": 16148, "process": 27520, "data": {"log_level": "INFO", "environment": "development", "python_version": "3.13.3 (tags/v3.13.3:6280bb5, Apr  8 2025, 14:47:33) [MSC v.1943 64 bit (AMD64)]", "cwd": "C:\\Users\\razam\\Desktop\\Wedding\\Server"}}
{"timestamp": "2025-08-27T18:10:03.426485Z", "level": "INFO", "logger": "app", "message": "Creating Flask application in DEV environment", "module": "main", "function": "create_app", "line": 30, "thread": 16148, "process": 27520}
{"timestamp": "2025-08-27T18:10:03.426722Z", "level": "INFO", "logger": "app", "message": "MongoDB URI configured: mongodb://localhost:27017/wedding_planner", "module": "main", "function": "create_app", "line": 43, "thread": 16148, "process": 27520}
{"timestamp": "2025-08-27T18:10:03.429450Z", "level": "INFO", "logger": "app", "message": "Registering API blueprints", "module": "main", "function": "create_app", "line": 76, "thread": 16148, "process": 27520}
{"timestamp": "2025-08-27T18:10:03.443575Z", "level": "INFO", "logger": "app", "message": "Setting up background scheduler for booking reminders", "module": "main", "function": "create_app", "line": 155, "thread": 16148, "process": 27520}
{"timestamp": "2025-08-27T18:10:03.451380Z", "level": "INFO", "logger": "apscheduler.scheduler", "message": "Adding job tentatively -- it will be properly scheduled when the scheduler starts", "module": "base", "function": "add_job", "line": 507, "thread": 16148, "process": 27520}
{"timestamp": "2025-08-27T18:10:03.452819Z", "level": "INFO", "logger": "apscheduler.scheduler", "message": "Added job \"create_app.<locals>.scheduled_send_booking_return_reminders\" to job store \"default\"", "module": "base", "function": "_real_add_job", "line": 1090, "thread": 16148, "process": 27520}
{"timestamp": "2025-08-27T18:10:03.453082Z", "level": "INFO", "logger": "apscheduler.scheduler", "message": "Scheduler started", "module": "base", "function": "start", "line": 214, "thread": 16148, "process": 27520}
{"timestamp": "2025-08-27T18:10:03.454062Z", "level": "INFO", "logger": "app", "message": "Initializing database and collections", "module": "main", "function": "create_app", "line": 161, "thread": 16148, "process": 27520}
{"timestamp": "2025-08-27T18:10:03.511748Z", "level": "INFO", "logger": "models", "message": "Database initialized successfully with MongoDB", "module": "models", "function": "init_db", "line": 357, "thread": 16148, "process": 27520}
{"timestamp": "2025-08-27T18:10:03.512145Z", "level": "INFO", "logger": "app", "message": "Sending initial booking return reminders", "module": "main", "function": "create_app", "line": 168, "thread": 16148, "process": 27520}
{"timestamp": "2025-08-27T18:10:03.514448Z", "level": "INFO", "logger": "app", "message": "Flask application created successfully", "module": "main", "function": "create_app", "line": 175, "thread": 16148, "process": 27520}
{"timestamp": "2025-08-27T18:10:03.514813Z", "level": "INFO", "logger": "main", "message": "Starting Wedding Planner application on port 5000", "module": "main", "function": "<module>", "line": 184, "thread": 16148, "process": 27520}
{"timestamp": "2025-08-27T18:10:03.530427Z", "level": "WARNING", "logger": "werkzeug", "message": " * Debugger is active!", "module": "_internal", "function": "_log", "line": 97, "thread": 16148, "process": 27520}
{"timestamp": "2025-08-27T18:10:03.536699Z", "level": "INFO", "logger": "werkzeug", "message": " * Debugger PIN: 100-052-627", "module": "_internal", "function": "_log", "line": 97, "thread": 16148, "process": 27520}
{"timestamp": "2025-08-27T18:10:37.440075Z", "level": "INFO", "logger": "werkzeug", "message": " * Detected change in 'C:\\\\Users\\\\razam\\\\Desktop\\\\Wedding\\\\Server\\\\validation.py', reloading", "module": "_internal", "function": "_log", "line": 97, "thread": 16148, "process": 27520}
{"timestamp": "2025-08-27T18:10:37.441013Z", "level": "INFO", "logger": "apscheduler.scheduler", "message": "Scheduler has been shut down", "module": "base", "function": "shutdown", "line": 245, "thread": 16148, "process": 27520}
{"timestamp": "2025-08-27T18:10:37.857857Z", "level": "INFO", "logger": "werkzeug", "message": " * Restarting with stat", "module": "_internal", "function": "_log", "line": 97, "thread": 29628, "process": 8308}
{"timestamp": "2025-08-27T18:10:38.512384Z", "level": "INFO", "logger": "apscheduler.scheduler", "message": "Scheduler has been shut down", "module": "base", "function": "shutdown", "line": 245, "thread": 29628, "process": 8308}
{"timestamp": "2025-08-27T18:18:56.508101Z", "level": "INFO", "logger": "app", "message": "Wedding Planner application starting", "module": "logger_config", "function": "init_app_logging", "line": 447, "thread": 8556, "process": 8132, "data": {"log_level": "INFO", "environment": "development", "python_version": "3.13.3 (tags/v3.13.3:6280bb5, Apr  8 2025, 14:47:33) [MSC v.1943 64 bit (AMD64)]", "cwd": "C:\\Users\\razam\\Desktop\\Wedding\\Server"}}
{"timestamp": "2025-08-27T18:18:56.508762Z", "level": "INFO", "logger": "app", "message": "Creating Flask application in DEV environment", "module": "main", "function": "create_app", "line": 30, "thread": 8556, "process": 8132}
{"timestamp": "2025-08-27T18:18:56.509107Z", "level": "INFO", "logger": "app", "message": "MongoDB URI configured: mongodb://localhost:27017/wedding_planner", "module": "main", "function": "create_app", "line": 43, "thread": 8556, "process": 8132}
{"timestamp": "2025-08-27T18:18:56.514069Z", "level": "INFO", "logger": "app", "message": "Registering API blueprints", "module": "main", "function": "create_app", "line": 76, "thread": 8556, "process": 8132}
{"timestamp": "2025-08-27T18:18:56.528448Z", "level": "INFO", "logger": "app", "message": "Setting up background scheduler for booking reminders", "module": "main", "function": "create_app", "line": 155, "thread": 8556, "process": 8132}
{"timestamp": "2025-08-27T18:18:56.539458Z", "level": "INFO", "logger": "apscheduler.scheduler", "message": "Adding job tentatively -- it will be properly scheduled when the scheduler starts", "module": "base", "function": "add_job", "line": 507, "thread": 8556, "process": 8132}
{"timestamp": "2025-08-27T18:18:56.540161Z", "level": "INFO", "logger": "apscheduler.scheduler", "message": "Added job \"create_app.<locals>.scheduled_send_booking_return_reminders\" to job store \"default\"", "module": "base", "function": "_real_add_job", "line": 1090, "thread": 8556, "process": 8132}
{"timestamp": "2025-08-27T18:18:56.540353Z", "level": "INFO", "logger": "apscheduler.scheduler", "message": "Scheduler started", "module": "base", "function": "start", "line": 214, "thread": 8556, "process": 8132}
{"timestamp": "2025-08-27T18:18:56.540917Z", "level": "INFO", "logger": "app", "message": "Initializing database and collections", "module": "main", "function": "create_app", "line": 161, "thread": 8556, "process": 8132}
{"timestamp": "2025-08-27T18:24:01.626417Z", "level": "INFO", "logger": "app", "message": "Wedding Planner application starting", "module": "logger_config", "function": "init_app_logging", "line": 447, "thread": 30356, "process": 9424, "data": {"log_level": "INFO", "environment": "development", "python_version": "3.13.3 (tags/v3.13.3:6280bb5, Apr  8 2025, 14:47:33) [MSC v.1943 64 bit (AMD64)]", "cwd": "C:\\Users\\razam\\Desktop\\Wedding\\Server"}}
{"timestamp": "2025-08-27T18:24:01.627520Z", "level": "INFO", "logger": "app", "message": "Creating Flask application in DEV environment", "module": "main", "function": "create_app", "line": 30, "thread": 30356, "process": 9424}
{"timestamp": "2025-08-27T18:24:01.627873Z", "level": "INFO", "logger": "app", "message": "MongoDB URI configured: mongodb://localhost:27017/wedding_planner", "module": "main", "function": "create_app", "line": 43, "thread": 30356, "process": 9424}
{"timestamp": "2025-08-27T18:24:01.631886Z", "level": "INFO", "logger": "app", "message": "Registering API blueprints", "module": "main", "function": "create_app", "line": 76, "thread": 30356, "process": 9424}
{"timestamp": "2025-08-27T18:24:01.650383Z", "level": "INFO", "logger": "app", "message": "Setting up background scheduler for booking reminders", "module": "main", "function": "create_app", "line": 155, "thread": 30356, "process": 9424}
{"timestamp": "2025-08-27T18:24:01.660574Z", "level": "INFO", "logger": "apscheduler.scheduler", "message": "Adding job tentatively -- it will be properly scheduled when the scheduler starts", "module": "base", "function": "add_job", "line": 507, "thread": 30356, "process": 9424}
{"timestamp": "2025-08-27T18:24:01.661360Z", "level": "INFO", "logger": "apscheduler.scheduler", "message": "Added job \"create_app.<locals>.scheduled_send_booking_return_reminders\" to job store \"default\"", "module": "base", "function": "_real_add_job", "line": 1090, "thread": 30356, "process": 9424}
{"timestamp": "2025-08-27T18:24:01.661611Z", "level": "INFO", "logger": "apscheduler.scheduler", "message": "Scheduler started", "module": "base", "function": "start", "line": 214, "thread": 30356, "process": 9424}
{"timestamp": "2025-08-27T18:24:01.662224Z", "level": "INFO", "logger": "app", "message": "Initializing database and collections", "module": "main", "function": "create_app", "line": 161, "thread": 30356, "process": 9424}
{"timestamp": "2025-08-27T18:24:01.780715Z", "level": "INFO", "logger": "models", "message": "Database initialized successfully with MongoDB", "module": "models", "function": "init_db", "line": 357, "thread": 30356, "process": 9424}
{"timestamp": "2025-08-27T18:24:01.781075Z", "level": "INFO", "logger": "app", "message": "Sending initial booking return reminders", "module": "main", "function": "create_app", "line": 168, "thread": 30356, "process": 9424}
{"timestamp": "2025-08-27T18:24:01.782670Z", "level": "ERROR", "logger": "bookings", "message": "Error in send_booking_return_reminders function", "module": "bookings", "function": "send_booking_return_reminders", "line": 728, "thread": 30356, "process": 9424, "exception": {"type": "TypeError", "message": "object of type 'Cursor' has no len()", "traceback": ["Traceback (most recent call last):\n", "  File \"C:\\Users\\razam\\Desktop\\Wedding\\Server\\bookings.py\", line 724, in send_booking_return_reminders\n    \"orders_processed\": len(ending_orders)\n                        ~~~^^^^^^^^^^^^^^^\n", "TypeError: object of type 'Cursor' has no len()\n"]}}
{"timestamp": "2025-08-27T18:24:01.786022Z", "level": "INFO", "logger": "app", "message": "Flask application created successfully", "module": "main", "function": "create_app", "line": 175, "thread": 30356, "process": 9424}
{"timestamp": "2025-08-27T18:24:01.786243Z", "level": "INFO", "logger": "main", "message": "Starting Wedding Planner application on port 5000", "module": "main", "function": "<module>", "line": 184, "thread": 30356, "process": 9424}
{"timestamp": "2025-08-27T18:24:01.813859Z", "level": "INFO", "logger": "werkzeug", "message": "\u001b[31m\u001b[1mWARNING: This is a development server. Do not use it in a production deployment. Use a production WSGI server instead.\u001b[0m\n * Running on all addresses (0.0.0.0)\n * Running on http://127.0.0.1:5000\n * Running on http://192.168.31.182:5000", "module": "_internal", "function": "_log", "line": 97, "thread": 30356, "process": 9424}
{"timestamp": "2025-08-27T18:24:01.814254Z", "level": "INFO", "logger": "werkzeug", "message": "\u001b[33mPress CTRL+C to quit\u001b[0m", "module": "_internal", "function": "_log", "line": 97, "thread": 30356, "process": 9424}
{"timestamp": "2025-08-27T18:24:01.817438Z", "level": "INFO", "logger": "werkzeug", "message": " * Restarting with stat", "module": "_internal", "function": "_log", "line": 97, "thread": 30356, "process": 9424}
{"timestamp": "2025-08-27T18:24:04.056237Z", "level": "INFO", "logger": "app", "message": "Wedding Planner application starting", "module": "logger_config", "function": "init_app_logging", "line": 447, "thread": 16700, "process": 21780, "data": {"log_level": "INFO", "environment": "development", "python_version": "3.13.3 (tags/v3.13.3:6280bb5, Apr  8 2025, 14:47:33) [MSC v.1943 64 bit (AMD64)]", "cwd": "C:\\Users\\razam\\Desktop\\Wedding\\Server"}}
{"timestamp": "2025-08-27T18:24:04.056852Z", "level": "INFO", "logger": "app", "message": "Creating Flask application in DEV environment", "module": "main", "function": "create_app", "line": 30, "thread": 16700, "process": 21780}
{"timestamp": "2025-08-27T18:24:04.057180Z", "level": "INFO", "logger": "app", "message": "MongoDB URI configured: mongodb://localhost:27017/wedding_planner", "module": "main", "function": "create_app", "line": 43, "thread": 16700, "process": 21780}
{"timestamp": "2025-08-27T18:24:04.060055Z", "level": "INFO", "logger": "app", "message": "Registering API blueprints", "module": "main", "function": "create_app", "line": 76, "thread": 16700, "process": 21780}
{"timestamp": "2025-08-27T18:24:04.074268Z", "level": "INFO", "logger": "app", "message": "Setting up background scheduler for booking reminders", "module": "main", "function": "create_app", "line": 155, "thread": 16700, "process": 21780}
{"timestamp": "2025-08-27T18:24:04.081909Z", "level": "INFO", "logger": "apscheduler.scheduler", "message": "Adding job tentatively -- it will be properly scheduled when the scheduler starts", "module": "base", "function": "add_job", "line": 507, "thread": 16700, "process": 21780}
{"timestamp": "2025-08-27T18:24:04.082473Z", "level": "INFO", "logger": "apscheduler.scheduler", "message": "Added job \"create_app.<locals>.scheduled_send_booking_return_reminders\" to job store \"default\"", "module": "base", "function": "_real_add_job", "line": 1090, "thread": 16700, "process": 21780}
{"timestamp": "2025-08-27T18:24:04.082704Z", "level": "INFO", "logger": "apscheduler.scheduler", "message": "Scheduler started", "module": "base", "function": "start", "line": 214, "thread": 16700, "process": 21780}
{"timestamp": "2025-08-27T18:24:04.083385Z", "level": "INFO", "logger": "app", "message": "Initializing database and collections", "module": "main", "function": "create_app", "line": 161, "thread": 16700, "process": 21780}
{"timestamp": "2025-08-27T18:24:04.101463Z", "level": "INFO", "logger": "models", "message": "Database initialized successfully with MongoDB", "module": "models", "function": "init_db", "line": 357, "thread": 16700, "process": 21780}
{"timestamp": "2025-08-27T18:24:04.101894Z", "level": "INFO", "logger": "app", "message": "Sending initial booking return reminders", "module": "main", "function": "create_app", "line": 168, "thread": 16700, "process": 21780}
{"timestamp": "2025-08-27T18:24:04.103352Z", "level": "ERROR", "logger": "bookings", "message": "Error in send_booking_return_reminders function", "module": "bookings", "function": "send_booking_return_reminders", "line": 728, "thread": 16700, "process": 21780, "exception": {"type": "TypeError", "message": "object of type 'Cursor' has no len()", "traceback": ["Traceback (most recent call last):\n", "  File \"C:\\Users\\razam\\Desktop\\Wedding\\Server\\bookings.py\", line 724, in send_booking_return_reminders\n    \"orders_processed\": len(ending_orders)\n                        ~~~^^^^^^^^^^^^^^^\n", "TypeError: object of type 'Cursor' has no len()\n"]}}
{"timestamp": "2025-08-27T18:24:04.106965Z", "level": "INFO", "logger": "app", "message": "Flask application created successfully", "module": "main", "function": "create_app", "line": 175, "thread": 16700, "process": 21780}
{"timestamp": "2025-08-27T18:24:04.107191Z", "level": "INFO", "logger": "main", "message": "Starting Wedding Planner application on port 5000", "module": "main", "function": "<module>", "line": 184, "thread": 16700, "process": 21780}
{"timestamp": "2025-08-27T18:24:04.117094Z", "level": "WARNING", "logger": "werkzeug", "message": " * Debugger is active!", "module": "_internal", "function": "_log", "line": 97, "thread": 16700, "process": 21780}
{"timestamp": "2025-08-27T18:24:04.128242Z", "level": "INFO", "logger": "werkzeug", "message": " * Debugger PIN: 637-078-981", "module": "_internal", "function": "_log", "line": 97, "thread": 16700, "process": 21780}
{"timestamp": "2025-08-27T18:24:24.254956Z", "level": "INFO", "logger": "werkzeug", "message": " * Detected change in 'C:\\\\Users\\\\razam\\\\Desktop\\\\Wedding\\\\Server\\\\bookings.py', reloading", "module": "_internal", "function": "_log", "line": 97, "thread": 16700, "process": 21780}
{"timestamp": "2025-08-27T18:24:24.255710Z", "level": "INFO", "logger": "apscheduler.scheduler", "message": "Scheduler has been shut down", "module": "base", "function": "shutdown", "line": 245, "thread": 16700, "process": 21780}
{"timestamp": "2025-08-27T18:24:24.991072Z", "level": "INFO", "logger": "werkzeug", "message": " * Restarting with stat", "module": "_internal", "function": "_log", "line": 97, "thread": 30356, "process": 9424}
{"timestamp": "2025-08-27T18:24:27.332308Z", "level": "INFO", "logger": "app", "message": "Wedding Planner application starting", "module": "logger_config", "function": "init_app_logging", "line": 447, "thread": 18248, "process": 27028, "data": {"log_level": "INFO", "environment": "development", "python_version": "3.13.3 (tags/v3.13.3:6280bb5, Apr  8 2025, 14:47:33) [MSC v.1943 64 bit (AMD64)]", "cwd": "C:\\Users\\razam\\Desktop\\Wedding\\Server"}}
{"timestamp": "2025-08-27T18:24:27.332978Z", "level": "INFO", "logger": "app", "message": "Creating Flask application in DEV environment", "module": "main", "function": "create_app", "line": 30, "thread": 18248, "process": 27028}
{"timestamp": "2025-08-27T18:24:27.333315Z", "level": "INFO", "logger": "app", "message": "MongoDB URI configured: mongodb://localhost:27017/wedding_planner", "module": "main", "function": "create_app", "line": 43, "thread": 18248, "process": 27028}
{"timestamp": "2025-08-27T18:24:27.337243Z", "level": "INFO", "logger": "app", "message": "Registering API blueprints", "module": "main", "function": "create_app", "line": 76, "thread": 18248, "process": 27028}
{"timestamp": "2025-08-27T18:24:27.359231Z", "level": "INFO", "logger": "app", "message": "Setting up background scheduler for booking reminders", "module": "main", "function": "create_app", "line": 155, "thread": 18248, "process": 27028}
{"timestamp": "2025-08-27T18:24:27.367544Z", "level": "INFO", "logger": "apscheduler.scheduler", "message": "Adding job tentatively -- it will be properly scheduled when the scheduler starts", "module": "base", "function": "add_job", "line": 507, "thread": 18248, "process": 27028}
{"timestamp": "2025-08-27T18:24:27.368094Z", "level": "INFO", "logger": "apscheduler.scheduler", "message": "Added job \"create_app.<locals>.scheduled_send_booking_return_reminders\" to job store \"default\"", "module": "base", "function": "_real_add_job", "line": 1090, "thread": 18248, "process": 27028}
{"timestamp": "2025-08-27T18:24:27.368382Z", "level": "INFO", "logger": "apscheduler.scheduler", "message": "Scheduler started", "module": "base", "function": "start", "line": 214, "thread": 18248, "process": 27028}
{"timestamp": "2025-08-27T18:24:27.369216Z", "level": "INFO", "logger": "app", "message": "Initializing database and collections", "module": "main", "function": "create_app", "line": 161, "thread": 18248, "process": 27028}
{"timestamp": "2025-08-27T18:24:27.386038Z", "level": "INFO", "logger": "models", "message": "Database initialized successfully with MongoDB", "module": "models", "function": "init_db", "line": 357, "thread": 18248, "process": 27028}
{"timestamp": "2025-08-27T18:24:27.386397Z", "level": "INFO", "logger": "app", "message": "Sending initial booking return reminders", "module": "main", "function": "create_app", "line": 168, "thread": 18248, "process": 27028}
{"timestamp": "2025-08-27T18:24:27.387497Z", "level": "INFO", "logger": "bookings", "message": "Return reminders processing completed", "module": "bookings", "function": "send_booking_return_reminders", "line": 722, "thread": 18248, "process": 27028}
{"timestamp": "2025-08-27T18:24:27.387836Z", "level": "INFO", "logger": "app", "message": "Flask application created successfully", "module": "main", "function": "create_app", "line": 175, "thread": 18248, "process": 27028}
{"timestamp": "2025-08-27T18:24:27.388183Z", "level": "INFO", "logger": "main", "message": "Starting Wedding Planner application on port 5000", "module": "main", "function": "<module>", "line": 184, "thread": 18248, "process": 27028}
{"timestamp": "2025-08-27T18:24:27.402096Z", "level": "WARNING", "logger": "werkzeug", "message": " * Debugger is active!", "module": "_internal", "function": "_log", "line": 97, "thread": 18248, "process": 27028}
{"timestamp": "2025-08-27T18:24:27.407520Z", "level": "INFO", "logger": "werkzeug", "message": " * Debugger PIN: 637-078-981", "module": "_internal", "function": "_log", "line": 97, "thread": 18248, "process": 27028}
{"timestamp": "2025-08-27T18:24:38.141809Z", "level": "ERROR", "logger": "app", "message": "Unhandled exception in GET /", "module": "main", "function": "handle_exception", "line": 110, "thread": 7276, "process": 27028, "request_id": "18a6d871-cfe6-4291-a1c8-ad59611cd375", "http": {"method": "GET", "url": "http://127.0.0.1:5000/", "remote_addr": "127.0.0.1", "user_agent": "Mozilla/5.0 (Windows NT 10.0; Win64; x64) AppleWebKit/537.36 (KHTML, like Gecko) Chrome/139.0.0.0 Safari/537.36", "content_type": null}, "exception": {"type": "NotFound", "message": "404 Not Found: The requested URL was not found on the server. If you entered the URL manually please check your spelling and try again.", "traceback": ["Traceback (most recent call last):\n", "  File \"C:\\Users\\razam\\AppData\\Local\\Programs\\Python\\Python313\\Lib\\site-packages\\flask\\app.py\", line 917, in full_dispatch_request\n    rv = self.dispatch_request()\n", "  File \"C:\\Users\\razam\\AppData\\Local\\Programs\\Python\\Python313\\Lib\\site-packages\\flask\\app.py\", line 902, in dispatch_request\n    return self.ensure_sync(self.view_functions[rule.endpoint])(**view_args)  # type: ignore[no-any-return]\n           ~~~~~~~~~~~~~~~~~~~~~~~~~~~~~~~~~~~~~~~~~~~~~~~~~~~~^^^^^^^^^^^^^\n", "  File \"C:\\Users\\razam\\Desktop\\Wedding\\Server\\main.py\", line 137, in serve_static\n    return send_from_directory(app.static_folder, 'index.html')\n", "  File \"C:\\Users\\razam\\AppData\\Local\\Programs\\Python\\Python313\\Lib\\site-packages\\flask\\helpers.py\", line 565, in send_from_directory\n    return werkzeug.utils.send_from_directory(  # type: ignore[return-value]\n           ~~~~~~~~~~~~~~~~~~~~~~~~~~~~~~~~~~^^^^^^^^^^^^^^^^^^^^^^^^^^^^^^^\n        directory, path, **_prepare_send_file_kwargs(**kwargs)\n        ^^^^^^^^^^^^^^^^^^^^^^^^^^^^^^^^^^^^^^^^^^^^^^^^^^^^^^\n    )\n    ^\n", "  File \"C:\\Users\\razam\\AppData\\Local\\Programs\\Python\\Python313\\Lib\\site-packages\\werkzeug\\utils.py\", line 575, in send_from_directory\n    raise NotFound()\n", "werkzeug.exceptions.NotFound: 404 Not Found: The requested URL was not found on the server. If you entered the URL manually please check your spelling and try again.\n"]}, "data": {"request_id": "18a6d871-cfe6-4291-a1c8-ad59611cd375", "method": "GET", "path": "/", "remote_addr": "127.0.0.1", "error_type": "NotFound"}}
{"timestamp": "2025-08-27T18:24:38.240465Z", "level": "INFO", "logger": "app", "message": "Request completed: GET / - 500 in 98.97ms", "module": "main", "function": "after_request", "line": 61, "thread": 7276, "process": 27028, "request_id": "18a6d871-cfe6-4291-a1c8-ad59611cd375", "http": {"method": "GET", "url": "http://127.0.0.1:5000/", "remote_addr": "127.0.0.1", "user_agent": "Mozilla/5.0 (Windows NT 10.0; Win64; x64) AppleWebKit/537.36 (KHTML, like Gecko) Chrome/139.0.0.0 Safari/537.36", "content_type": null}, "data": {"request_id": "18a6d871-cfe6-4291-a1c8-ad59611cd375", "method": "GET", "path": "/", "status_code": 500, "duration_ms": 98.96707534790039, "content_length": 153, "remote_addr": "127.0.0.1"}}
{"timestamp": "2025-08-27T18:24:38.241456Z", "level": "INFO", "logger": "werkzeug", "message": "127.0.0.1 - - [27/Aug/2025 21:24:38] \"\u001b[35m\u001b[1mGET / HTTP/1.1\u001b[0m\" 500 -", "module": "_internal", "function": "_log", "line": 97, "thread": 7276, "process": 27028}
{"timestamp": "2025-08-27T18:24:38.297380Z", "level": "ERROR", "logger": "app", "message": "Unhandled exception in GET /favicon.ico", "module": "main", "function": "handle_exception", "line": 110, "thread": 24544, "process": 27028, "request_id": "b6cbae9b-c5d8-468d-98ca-87f905c4dd92", "http": {"method": "GET", "url": "http://127.0.0.1:5000/favicon.ico", "remote_addr": "127.0.0.1", "user_agent": "Mozilla/5.0 (Windows NT 10.0; Win64; x64) AppleWebKit/537.36 (KHTML, like Gecko) Chrome/139.0.0.0 Safari/537.36", "content_type": null}, "exception": {"type": "NotFound", "message": "404 Not Found: The requested URL was not found on the server. If you entered the URL manually please check your spelling and try again.", "traceback": ["Traceback (most recent call last):\n", "  File \"C:\\Users\\razam\\AppData\\Local\\Programs\\Python\\Python313\\Lib\\site-packages\\flask\\app.py\", line 917, in full_dispatch_request\n    rv = self.dispatch_request()\n", "  File \"C:\\Users\\razam\\AppData\\Local\\Programs\\Python\\Python313\\Lib\\site-packages\\flask\\app.py\", line 902, in dispatch_request\n    return self.ensure_sync(self.view_functions[rule.endpoint])(**view_args)  # type: ignore[no-any-return]\n           ~~~~~~~~~~~~~~~~~~~~~~~~~~~~~~~~~~~~~~~~~~~~~~~~~~~~^^^^^^^^^^^^^\n", "  File \"C:\\Users\\razam\\Desktop\\Wedding\\Server\\main.py\", line 142, in serve_static_files\n    return send_from_directory(os.path.join(app.static_folder), path)\n", "  File \"C:\\Users\\razam\\AppData\\Local\\Programs\\Python\\Python313\\Lib\\site-packages\\flask\\helpers.py\", line 565, in send_from_directory\n    return werkzeug.utils.send_from_directory(  # type: ignore[return-value]\n           ~~~~~~~~~~~~~~~~~~~~~~~~~~~~~~~~~~^^^^^^^^^^^^^^^^^^^^^^^^^^^^^^^\n        directory, path, **_prepare_send_file_kwargs(**kwargs)\n        ^^^^^^^^^^^^^^^^^^^^^^^^^^^^^^^^^^^^^^^^^^^^^^^^^^^^^^\n    )\n    ^\n", "  File \"C:\\Users\\razam\\AppData\\Local\\Programs\\Python\\Python313\\Lib\\site-packages\\werkzeug\\utils.py\", line 575, in send_from_directory\n    raise NotFound()\n", "werkzeug.exceptions.NotFound: 404 Not Found: The requested URL was not found on the server. If you entered the URL manually please check your spelling and try again.\n"]}, "data": {"request_id": "b6cbae9b-c5d8-468d-98ca-87f905c4dd92", "method": "GET", "path": "/favicon.ico", "remote_addr": "127.0.0.1", "error_type": "NotFound"}}
{"timestamp": "2025-08-27T18:24:38.304947Z", "level": "INFO", "logger": "app", "message": "Request completed: GET /favicon.ico - 500 in 7.82ms", "module": "main", "function": "after_request", "line": 61, "thread": 24544, "process": 27028, "request_id": "b6cbae9b-c5d8-468d-98ca-87f905c4dd92", "http": {"method": "GET", "url": "http://127.0.0.1:5000/favicon.ico", "remote_addr": "127.0.0.1", "user_agent": "Mozilla/5.0 (Windows NT 10.0; Win64; x64) AppleWebKit/537.36 (KHTML, like Gecko) Chrome/139.0.0.0 Safari/537.36", "content_type": null}, "data": {"request_id": "b6cbae9b-c5d8-468d-98ca-87f905c4dd92", "method": "GET", "path": "/favicon.ico", "status_code": 500, "duration_ms": 7.822990417480469, "content_length": 153, "remote_addr": "127.0.0.1"}}
{"timestamp": "2025-08-27T18:24:38.305642Z", "level": "INFO", "logger": "werkzeug", "message": "127.0.0.1 - - [27/Aug/2025 21:24:38] \"\u001b[35m\u001b[1mGET /favicon.ico HTTP/1.1\u001b[0m\" 500 -", "module": "_internal", "function": "_log", "line": 97, "thread": 24544, "process": 27028}
{"timestamp": "2025-08-27T18:24:50.209420Z", "level": "ERROR", "logger": "app", "message": "Unhandled exception in GET /", "module": "main", "function": "handle_exception", "line": 110, "thread": 6464, "process": 27028, "request_id": "35edeea3-1d85-4935-8563-94a28eecbc3a", "http": {"method": "GET", "url": "http://127.0.0.1:5000/", "remote_addr": "127.0.0.1", "user_agent": "Mozilla/5.0 (Windows NT 10.0; Win64; x64) AppleWebKit/537.36 (KHTML, like Gecko) Chrome/139.0.0.0 Safari/537.36", "content_type": null}, "exception": {"type": "NotFound", "message": "404 Not Found: The requested URL was not found on the server. If you entered the URL manually please check your spelling and try again.", "traceback": ["Traceback (most recent call last):\n", "  File \"C:\\Users\\razam\\AppData\\Local\\Programs\\Python\\Python313\\Lib\\site-packages\\flask\\app.py\", line 917, in full_dispatch_request\n    rv = self.dispatch_request()\n", "  File \"C:\\Users\\razam\\AppData\\Local\\Programs\\Python\\Python313\\Lib\\site-packages\\flask\\app.py\", line 902, in dispatch_request\n    return self.ensure_sync(self.view_functions[rule.endpoint])(**view_args)  # type: ignore[no-any-return]\n           ~~~~~~~~~~~~~~~~~~~~~~~~~~~~~~~~~~~~~~~~~~~~~~~~~~~~^^^^^^^^^^^^^\n", "  File \"C:\\Users\\razam\\Desktop\\Wedding\\Server\\main.py\", line 137, in serve_static\n    return send_from_directory(app.static_folder, 'index.html')\n", "  File \"C:\\Users\\razam\\AppData\\Local\\Programs\\Python\\Python313\\Lib\\site-packages\\flask\\helpers.py\", line 565, in send_from_directory\n    return werkzeug.utils.send_from_directory(  # type: ignore[return-value]\n           ~~~~~~~~~~~~~~~~~~~~~~~~~~~~~~~~~~^^^^^^^^^^^^^^^^^^^^^^^^^^^^^^^\n        directory, path, **_prepare_send_file_kwargs(**kwargs)\n        ^^^^^^^^^^^^^^^^^^^^^^^^^^^^^^^^^^^^^^^^^^^^^^^^^^^^^^\n    )\n    ^\n", "  File \"C:\\Users\\razam\\AppData\\Local\\Programs\\Python\\Python313\\Lib\\site-packages\\werkzeug\\utils.py\", line 575, in send_from_directory\n    raise NotFound()\n", "werkzeug.exceptions.NotFound: 404 Not Found: The requested URL was not found on the server. If you entered the URL manually please check your spelling and try again.\n"]}, "data": {"request_id": "35edeea3-1d85-4935-8563-94a28eecbc3a", "method": "GET", "path": "/", "remote_addr": "127.0.0.1", "error_type": "NotFound"}}
{"timestamp": "2025-08-27T18:24:50.219085Z", "level": "INFO", "logger": "app", "message": "Request completed: GET / - 500 in 9.92ms", "module": "main", "function": "after_request", "line": 61, "thread": 6464, "process": 27028, "request_id": "35edeea3-1d85-4935-8563-94a28eecbc3a", "http": {"method": "GET", "url": "http://127.0.0.1:5000/", "remote_addr": "127.0.0.1", "user_agent": "Mozilla/5.0 (Windows NT 10.0; Win64; x64) AppleWebKit/537.36 (KHTML, like Gecko) Chrome/139.0.0.0 Safari/537.36", "content_type": null}, "data": {"request_id": "35edeea3-1d85-4935-8563-94a28eecbc3a", "method": "GET", "path": "/", "status_code": 500, "duration_ms": 9.92441177368164, "content_length": 153, "remote_addr": "127.0.0.1"}}
{"timestamp": "2025-08-27T18:24:50.219795Z", "level": "INFO", "logger": "werkzeug", "message": "127.0.0.1 - - [27/Aug/2025 21:24:50] \"\u001b[35m\u001b[1mGET / HTTP/1.1\u001b[0m\" 500 -", "module": "_internal", "function": "_log", "line": 97, "thread": 6464, "process": 27028}
{"timestamp": "2025-08-27T18:24:50.263745Z", "level": "ERROR", "logger": "app", "message": "Unhandled exception in GET /favicon.ico", "module": "main", "function": "handle_exception", "line": 110, "thread": 18304, "process": 27028, "request_id": "8dc2a88f-1208-4681-9af9-8ff7519d0e56", "http": {"method": "GET", "url": "http://127.0.0.1:5000/favicon.ico", "remote_addr": "127.0.0.1", "user_agent": "Mozilla/5.0 (Windows NT 10.0; Win64; x64) AppleWebKit/537.36 (KHTML, like Gecko) Chrome/139.0.0.0 Safari/537.36", "content_type": null}, "exception": {"type": "NotFound", "message": "404 Not Found: The requested URL was not found on the server. If you entered the URL manually please check your spelling and try again.", "traceback": ["Traceback (most recent call last):\n", "  File \"C:\\Users\\razam\\AppData\\Local\\Programs\\Python\\Python313\\Lib\\site-packages\\flask\\app.py\", line 917, in full_dispatch_request\n    rv = self.dispatch_request()\n", "  File \"C:\\Users\\razam\\AppData\\Local\\Programs\\Python\\Python313\\Lib\\site-packages\\flask\\app.py\", line 902, in dispatch_request\n    return self.ensure_sync(self.view_functions[rule.endpoint])(**view_args)  # type: ignore[no-any-return]\n           ~~~~~~~~~~~~~~~~~~~~~~~~~~~~~~~~~~~~~~~~~~~~~~~~~~~~^^^^^^^^^^^^^\n", "  File \"C:\\Users\\razam\\Desktop\\Wedding\\Server\\main.py\", line 142, in serve_static_files\n    return send_from_directory(os.path.join(app.static_folder), path)\n", "  File \"C:\\Users\\razam\\AppData\\Local\\Programs\\Python\\Python313\\Lib\\site-packages\\flask\\helpers.py\", line 565, in send_from_directory\n    return werkzeug.utils.send_from_directory(  # type: ignore[return-value]\n           ~~~~~~~~~~~~~~~~~~~~~~~~~~~~~~~~~~^^^^^^^^^^^^^^^^^^^^^^^^^^^^^^^\n        directory, path, **_prepare_send_file_kwargs(**kwargs)\n        ^^^^^^^^^^^^^^^^^^^^^^^^^^^^^^^^^^^^^^^^^^^^^^^^^^^^^^\n    )\n    ^\n", "  File \"C:\\Users\\razam\\AppData\\Local\\Programs\\Python\\Python313\\Lib\\site-packages\\werkzeug\\utils.py\", line 575, in send_from_directory\n    raise NotFound()\n", "werkzeug.exceptions.NotFound: 404 Not Found: The requested URL was not found on the server. If you entered the URL manually please check your spelling and try again.\n"]}, "data": {"request_id": "8dc2a88f-1208-4681-9af9-8ff7519d0e56", "method": "GET", "path": "/favicon.ico", "remote_addr": "127.0.0.1", "error_type": "NotFound"}}
{"timestamp": "2025-08-27T18:24:50.271378Z", "level": "INFO", "logger": "app", "message": "Request completed: GET /favicon.ico - 500 in 7.79ms", "module": "main", "function": "after_request", "line": 61, "thread": 18304, "process": 27028, "request_id": "8dc2a88f-1208-4681-9af9-8ff7519d0e56", "http": {"method": "GET", "url": "http://127.0.0.1:5000/favicon.ico", "remote_addr": "127.0.0.1", "user_agent": "Mozilla/5.0 (Windows NT 10.0; Win64; x64) AppleWebKit/537.36 (KHTML, like Gecko) Chrome/139.0.0.0 Safari/537.36", "content_type": null}, "data": {"request_id": "8dc2a88f-1208-4681-9af9-8ff7519d0e56", "method": "GET", "path": "/favicon.ico", "status_code": 500, "duration_ms": 7.789373397827148, "content_length": 153, "remote_addr": "127.0.0.1"}}
{"timestamp": "2025-08-27T18:24:50.272079Z", "level": "INFO", "logger": "werkzeug", "message": "127.0.0.1 - - [27/Aug/2025 21:24:50] \"\u001b[35m\u001b[1mGET /favicon.ico HTTP/1.1\u001b[0m\" 500 -", "module": "_internal", "function": "_log", "line": 97, "thread": 18304, "process": 27028}
{"timestamp": "2025-08-27T18:25:32.776104Z", "level": "INFO", "logger": "werkzeug", "message": " * Detected change in 'C:\\\\Users\\\\razam\\\\Desktop\\\\Wedding\\\\Server\\\\main.py', reloading", "module": "_internal", "function": "_log", "line": 97, "thread": 18248, "process": 27028}
{"timestamp": "2025-08-27T18:25:32.776822Z", "level": "INFO", "logger": "apscheduler.scheduler", "message": "Scheduler has been shut down", "module": "base", "function": "shutdown", "line": 245, "thread": 18248, "process": 27028}
{"timestamp": "2025-08-27T18:25:33.319731Z", "level": "INFO", "logger": "werkzeug", "message": " * Restarting with stat", "module": "_internal", "function": "_log", "line": 97, "thread": 30356, "process": 9424}
{"timestamp": "2025-08-27T18:25:35.692076Z", "level": "INFO", "logger": "app", "message": "Wedding Planner application starting", "module": "logger_config", "function": "init_app_logging", "line": 447, "thread": 11136, "process": 30696, "data": {"log_level": "INFO", "environment": "development", "python_version": "3.13.3 (tags/v3.13.3:6280bb5, Apr  8 2025, 14:47:33) [MSC v.1943 64 bit (AMD64)]", "cwd": "C:\\Users\\razam\\Desktop\\Wedding\\Server"}}
{"timestamp": "2025-08-27T18:25:35.692637Z", "level": "INFO", "logger": "app", "message": "Creating Flask application in DEV environment", "module": "main", "function": "create_app", "line": 32, "thread": 11136, "process": 30696}
{"timestamp": "2025-08-27T18:25:35.692968Z", "level": "INFO", "logger": "app", "message": "MongoDB URI configured: mongodb://localhost:27017/wedding_planner", "module": "main", "function": "create_app", "line": 45, "thread": 11136, "process": 30696}
{"timestamp": "2025-08-27T18:25:35.695590Z", "level": "INFO", "logger": "app", "message": "Registering API blueprints", "module": "main", "function": "create_app", "line": 78, "thread": 11136, "process": 30696}
{"timestamp": "2025-08-27T18:25:35.709659Z", "level": "INFO", "logger": "app", "message": "Setting up background scheduler for booking reminders", "module": "main", "function": "create_app", "line": 157, "thread": 11136, "process": 30696}
{"timestamp": "2025-08-27T18:25:35.717067Z", "level": "INFO", "logger": "apscheduler.scheduler", "message": "Adding job tentatively -- it will be properly scheduled when the scheduler starts", "module": "base", "function": "add_job", "line": 507, "thread": 11136, "process": 30696}
{"timestamp": "2025-08-27T18:25:35.717665Z", "level": "INFO", "logger": "apscheduler.scheduler", "message": "Added job \"create_app.<locals>.scheduled_send_booking_return_reminders\" to job store \"default\"", "module": "base", "function": "_real_add_job", "line": 1090, "thread": 11136, "process": 30696}
{"timestamp": "2025-08-27T18:25:35.717966Z", "level": "INFO", "logger": "apscheduler.scheduler", "message": "Scheduler started", "module": "base", "function": "start", "line": 214, "thread": 11136, "process": 30696}
{"timestamp": "2025-08-27T18:25:35.718787Z", "level": "INFO", "logger": "app", "message": "Initializing database and collections", "module": "main", "function": "create_app", "line": 163, "thread": 11136, "process": 30696}
{"timestamp": "2025-08-27T18:25:35.759521Z", "level": "INFO", "logger": "models", "message": "Database initialized successfully with MongoDB", "module": "models", "function": "init_db", "line": 357, "thread": 11136, "process": 30696}
{"timestamp": "2025-08-27T18:25:35.760041Z", "level": "INFO", "logger": "app", "message": "Sending initial booking return reminders", "module": "main", "function": "create_app", "line": 170, "thread": 11136, "process": 30696}
{"timestamp": "2025-08-27T18:25:35.761127Z", "level": "INFO", "logger": "bookings", "message": "Return reminders processing completed", "module": "bookings", "function": "send_booking_return_reminders", "line": 722, "thread": 11136, "process": 30696}
{"timestamp": "2025-08-27T18:25:35.761478Z", "level": "INFO", "logger": "app", "message": "Flask application created successfully", "module": "main", "function": "create_app", "line": 177, "thread": 11136, "process": 30696}
{"timestamp": "2025-08-27T18:25:35.761724Z", "level": "INFO", "logger": "main", "message": "Starting Wedding Planner application on port 5000", "module": "main", "function": "<module>", "line": 186, "thread": 11136, "process": 30696}
{"timestamp": "2025-08-27T18:25:35.774341Z", "level": "WARNING", "logger": "werkzeug", "message": " * Debugger is active!", "module": "_internal", "function": "_log", "line": 97, "thread": 11136, "process": 30696}
{"timestamp": "2025-08-27T18:25:35.778313Z", "level": "INFO", "logger": "werkzeug", "message": " * Debugger PIN: 637-078-981", "module": "_internal", "function": "_log", "line": 97, "thread": 11136, "process": 30696}
{"timestamp": "2025-08-27T18:25:39.024352Z", "level": "INFO", "logger": "apscheduler.scheduler", "message": "Scheduler has been shut down", "module": "base", "function": "shutdown", "line": 245, "thread": 11136, "process": 30696}
{"timestamp": "2025-08-27T18:25:39.681892Z", "level": "INFO", "logger": "apscheduler.scheduler", "message": "Scheduler has been shut down", "module": "base", "function": "shutdown", "line": 245, "thread": 30356, "process": 9424}
{"timestamp": "2025-08-27T18:26:12.170515Z", "level": "INFO", "logger": "app", "message": "Wedding Planner application starting", "module": "logger_config", "function": "init_app_logging", "line": 447, "thread": 19648, "process": 29016, "data": {"log_level": "INFO", "environment": "development", "python_version": "3.13.3 (tags/v3.13.3:6280bb5, Apr  8 2025, 14:47:33) [MSC v.1943 64 bit (AMD64)]", "cwd": "C:\\Users\\razam\\Desktop\\Wedding\\Server"}}
{"timestamp": "2025-08-27T18:26:12.171132Z", "level": "INFO", "logger": "app", "message": "Creating Flask application in DEV environment", "module": "main", "function": "create_app", "line": 32, "thread": 19648, "process": 29016}
{"timestamp": "2025-08-27T18:26:12.171421Z", "level": "INFO", "logger": "app", "message": "MongoDB URI configured: mongodb://localhost:27017/wedding_planner", "module": "main", "function": "create_app", "line": 45, "thread": 19648, "process": 29016}
{"timestamp": "2025-08-27T18:26:12.174031Z", "level": "INFO", "logger": "app", "message": "Registering API blueprints", "module": "main", "function": "create_app", "line": 78, "thread": 19648, "process": 29016}
{"timestamp": "2025-08-27T18:26:12.189051Z", "level": "INFO", "logger": "app", "message": "Setting up background scheduler for booking reminders", "module": "main", "function": "create_app", "line": 171, "thread": 19648, "process": 29016}
{"timestamp": "2025-08-27T18:26:12.197959Z", "level": "INFO", "logger": "apscheduler.scheduler", "message": "Adding job tentatively -- it will be properly scheduled when the scheduler starts", "module": "base", "function": "add_job", "line": 507, "thread": 19648, "process": 29016}
{"timestamp": "2025-08-27T18:26:12.198507Z", "level": "INFO", "logger": "apscheduler.scheduler", "message": "Added job \"create_app.<locals>.scheduled_send_booking_return_reminders\" to job store \"default\"", "module": "base", "function": "_real_add_job", "line": 1090, "thread": 19648, "process": 29016}
{"timestamp": "2025-08-27T18:26:12.198683Z", "level": "INFO", "logger": "apscheduler.scheduler", "message": "Scheduler started", "module": "base", "function": "start", "line": 214, "thread": 19648, "process": 29016}
{"timestamp": "2025-08-27T18:26:12.199301Z", "level": "INFO", "logger": "app", "message": "Initializing database and collections", "module": "main", "function": "create_app", "line": 177, "thread": 19648, "process": 29016}
{"timestamp": "2025-08-27T18:26:12.233849Z", "level": "INFO", "logger": "models", "message": "Database initialized successfully with MongoDB", "module": "models", "function": "init_db", "line": 357, "thread": 19648, "process": 29016}
{"timestamp": "2025-08-27T18:26:12.234521Z", "level": "INFO", "logger": "app", "message": "Sending initial booking return reminders", "module": "main", "function": "create_app", "line": 184, "thread": 19648, "process": 29016}
{"timestamp": "2025-08-27T18:26:12.236120Z", "level": "INFO", "logger": "bookings", "message": "Return reminders processing completed", "module": "bookings", "function": "send_booking_return_reminders", "line": 722, "thread": 19648, "process": 29016}
{"timestamp": "2025-08-27T18:26:12.236440Z", "level": "INFO", "logger": "app", "message": "Flask application created successfully", "module": "main", "function": "create_app", "line": 191, "thread": 19648, "process": 29016}
{"timestamp": "2025-08-27T18:26:12.236630Z", "level": "INFO", "logger": "main", "message": "Starting Wedding Planner application on port 5000", "module": "main", "function": "<module>", "line": 200, "thread": 19648, "process": 29016}
{"timestamp": "2025-08-27T18:26:12.254664Z", "level": "INFO", "logger": "werkzeug", "message": "\u001b[31m\u001b[1mWARNING: This is a development server. Do not use it in a production deployment. Use a production WSGI server instead.\u001b[0m\n * Running on all addresses (0.0.0.0)\n * Running on http://127.0.0.1:5000\n * Running on http://192.168.31.182:5000", "module": "_internal", "function": "_log", "line": 97, "thread": 19648, "process": 29016}
{"timestamp": "2025-08-27T18:26:12.255012Z", "level": "INFO", "logger": "werkzeug", "message": "\u001b[33mPress CTRL+C to quit\u001b[0m", "module": "_internal", "function": "_log", "line": 97, "thread": 19648, "process": 29016}
{"timestamp": "2025-08-27T18:26:12.257007Z", "level": "INFO", "logger": "werkzeug", "message": " * Restarting with stat", "module": "_internal", "function": "_log", "line": 97, "thread": 19648, "process": 29016}
{"timestamp": "2025-08-27T18:26:14.427915Z", "level": "INFO", "logger": "app", "message": "Wedding Planner application starting", "module": "logger_config", "function": "init_app_logging", "line": 447, "thread": 32076, "process": 15240, "data": {"log_level": "INFO", "environment": "development", "python_version": "3.13.3 (tags/v3.13.3:6280bb5, Apr  8 2025, 14:47:33) [MSC v.1943 64 bit (AMD64)]", "cwd": "C:\\Users\\razam\\Desktop\\Wedding\\Server"}}
{"timestamp": "2025-08-27T18:26:14.428519Z", "level": "INFO", "logger": "app", "message": "Creating Flask application in DEV environment", "module": "main", "function": "create_app", "line": 32, "thread": 32076, "process": 15240}
{"timestamp": "2025-08-27T18:26:14.429003Z", "level": "INFO", "logger": "app", "message": "MongoDB URI configured: mongodb://localhost:27017/wedding_planner", "module": "main", "function": "create_app", "line": 45, "thread": 32076, "process": 15240}
{"timestamp": "2025-08-27T18:26:14.431903Z", "level": "INFO", "logger": "app", "message": "Registering API blueprints", "module": "main", "function": "create_app", "line": 78, "thread": 32076, "process": 15240}
{"timestamp": "2025-08-27T18:26:14.444333Z", "level": "INFO", "logger": "app", "message": "Setting up background scheduler for booking reminders", "module": "main", "function": "create_app", "line": 171, "thread": 32076, "process": 15240}
{"timestamp": "2025-08-27T18:26:14.451918Z", "level": "INFO", "logger": "apscheduler.scheduler", "message": "Adding job tentatively -- it will be properly scheduled when the scheduler starts", "module": "base", "function": "add_job", "line": 507, "thread": 32076, "process": 15240}
{"timestamp": "2025-08-27T18:26:14.452685Z", "level": "INFO", "logger": "apscheduler.scheduler", "message": "Added job \"create_app.<locals>.scheduled_send_booking_return_reminders\" to job store \"default\"", "module": "base", "function": "_real_add_job", "line": 1090, "thread": 32076, "process": 15240}
{"timestamp": "2025-08-27T18:26:14.452960Z", "level": "INFO", "logger": "apscheduler.scheduler", "message": "Scheduler started", "module": "base", "function": "start", "line": 214, "thread": 32076, "process": 15240}
{"timestamp": "2025-08-27T18:26:14.453692Z", "level": "INFO", "logger": "app", "message": "Initializing database and collections", "module": "main", "function": "create_app", "line": 177, "thread": 32076, "process": 15240}
{"timestamp": "2025-08-27T18:26:14.494305Z", "level": "INFO", "logger": "models", "message": "Database initialized successfully with MongoDB", "module": "models", "function": "init_db", "line": 357, "thread": 32076, "process": 15240}
{"timestamp": "2025-08-27T18:26:14.494718Z", "level": "INFO", "logger": "app", "message": "Sending initial booking return reminders", "module": "main", "function": "create_app", "line": 184, "thread": 32076, "process": 15240}
{"timestamp": "2025-08-27T18:26:14.495978Z", "level": "INFO", "logger": "bookings", "message": "Return reminders processing completed", "module": "bookings", "function": "send_booking_return_reminders", "line": 722, "thread": 32076, "process": 15240}
{"timestamp": "2025-08-27T18:26:14.496286Z", "level": "INFO", "logger": "app", "message": "Flask application created successfully", "module": "main", "function": "create_app", "line": 191, "thread": 32076, "process": 15240}
{"timestamp": "2025-08-27T18:26:14.496550Z", "level": "INFO", "logger": "main", "message": "Starting Wedding Planner application on port 5000", "module": "main", "function": "<module>", "line": 200, "thread": 32076, "process": 15240}
{"timestamp": "2025-08-27T18:26:14.506870Z", "level": "WARNING", "logger": "werkzeug", "message": " * Debugger is active!", "module": "_internal", "function": "_log", "line": 97, "thread": 32076, "process": 15240}
{"timestamp": "2025-08-27T18:26:14.510706Z", "level": "INFO", "logger": "werkzeug", "message": " * Debugger PIN: 637-078-981", "module": "_internal", "function": "_log", "line": 97, "thread": 32076, "process": 15240}
{"timestamp": "2025-08-27T18:26:27.647112Z", "level": "INFO", "logger": "apscheduler.scheduler", "message": "Scheduler has been shut down", "module": "base", "function": "shutdown", "line": 245, "thread": 32076, "process": 15240}
{"timestamp": "2025-08-27T18:26:28.428610Z", "level": "INFO", "logger": "apscheduler.scheduler", "message": "Scheduler has been shut down", "module": "base", "function": "shutdown", "line": 245, "thread": 19648, "process": 29016}
{"timestamp": "2025-08-27T18:26:48.905061Z", "level": "INFO", "logger": "app", "message": "Wedding Planner application starting", "module": "logger_config", "function": "init_app_logging", "line": 447, "thread": 28296, "process": 9956, "data": {"log_level": "INFO", "environment": "development", "python_version": "3.13.3 (tags/v3.13.3:6280bb5, Apr  8 2025, 14:47:33) [MSC v.1943 64 bit (AMD64)]", "cwd": "C:\\Users\\razam\\Desktop\\Wedding\\Server"}}
{"timestamp": "2025-08-27T18:26:48.905792Z", "level": "INFO", "logger": "app", "message": "Creating Flask application in DEV environment", "module": "main", "function": "create_app", "line": 32, "thread": 28296, "process": 9956}
{"timestamp": "2025-08-27T18:26:48.906108Z", "level": "INFO", "logger": "app", "message": "MongoDB URI configured: mongodb://localhost:27017/wedding_planner", "module": "main", "function": "create_app", "line": 45, "thread": 28296, "process": 9956}
{"timestamp": "2025-08-27T18:26:48.908728Z", "level": "INFO", "logger": "app", "message": "Registering API blueprints", "module": "main", "function": "create_app", "line": 78, "thread": 28296, "process": 9956}
{"timestamp": "2025-08-27T18:26:48.924616Z", "level": "INFO", "logger": "app", "message": "Setting up background scheduler for booking reminders", "module": "main", "function": "create_app", "line": 171, "thread": 28296, "process": 9956}
{"timestamp": "2025-08-27T18:26:48.931669Z", "level": "INFO", "logger": "apscheduler.scheduler", "message": "Adding job tentatively -- it will be properly scheduled when the scheduler starts", "module": "base", "function": "add_job", "line": 507, "thread": 28296, "process": 9956}
{"timestamp": "2025-08-27T18:26:48.932302Z", "level": "INFO", "logger": "apscheduler.scheduler", "message": "Added job \"create_app.<locals>.scheduled_send_booking_return_reminders\" to job store \"default\"", "module": "base", "function": "_real_add_job", "line": 1090, "thread": 28296, "process": 9956}
{"timestamp": "2025-08-27T18:26:48.932550Z", "level": "INFO", "logger": "apscheduler.scheduler", "message": "Scheduler started", "module": "base", "function": "start", "line": 214, "thread": 28296, "process": 9956}
{"timestamp": "2025-08-27T18:26:48.933348Z", "level": "INFO", "logger": "app", "message": "Initializing database and collections", "module": "main", "function": "create_app", "line": 177, "thread": 28296, "process": 9956}
{"timestamp": "2025-08-27T18:26:48.960319Z", "level": "INFO", "logger": "models", "message": "Database initialized successfully with MongoDB", "module": "models", "function": "init_db", "line": 357, "thread": 28296, "process": 9956}
{"timestamp": "2025-08-27T18:26:48.960734Z", "level": "INFO", "logger": "app", "message": "Sending initial booking return reminders", "module": "main", "function": "create_app", "line": 184, "thread": 28296, "process": 9956}
{"timestamp": "2025-08-27T18:26:48.961901Z", "level": "INFO", "logger": "bookings", "message": "Return reminders processing completed", "module": "bookings", "function": "send_booking_return_reminders", "line": 722, "thread": 28296, "process": 9956}
{"timestamp": "2025-08-27T18:26:48.962208Z", "level": "INFO", "logger": "app", "message": "Flask application created successfully", "module": "main", "function": "create_app", "line": 191, "thread": 28296, "process": 9956}
{"timestamp": "2025-08-27T18:26:48.962372Z", "level": "INFO", "logger": "main", "message": "Starting Wedding Planner application on port 5000", "module": "main", "function": "<module>", "line": 200, "thread": 28296, "process": 9956}
{"timestamp": "2025-08-27T18:26:48.981370Z", "level": "INFO", "logger": "werkzeug", "message": "\u001b[31m\u001b[1mWARNING: This is a development server. Do not use it in a production deployment. Use a production WSGI server instead.\u001b[0m\n * Running on all addresses (0.0.0.0)\n * Running on http://127.0.0.1:5000\n * Running on http://192.168.31.182:5000", "module": "_internal", "function": "_log", "line": 97, "thread": 28296, "process": 9956}
{"timestamp": "2025-08-27T18:26:48.982044Z", "level": "INFO", "logger": "werkzeug", "message": "\u001b[33mPress CTRL+C to quit\u001b[0m", "module": "_internal", "function": "_log", "line": 97, "thread": 28296, "process": 9956}
{"timestamp": "2025-08-27T18:26:48.984276Z", "level": "INFO", "logger": "werkzeug", "message": " * Restarting with stat", "module": "_internal", "function": "_log", "line": 97, "thread": 28296, "process": 9956}
{"timestamp": "2025-08-27T18:26:51.448174Z", "level": "INFO", "logger": "app", "message": "Wedding Planner application starting", "module": "logger_config", "function": "init_app_logging", "line": 447, "thread": 12988, "process": 18068, "data": {"log_level": "INFO", "environment": "development", "python_version": "3.13.3 (tags/v3.13.3:6280bb5, Apr  8 2025, 14:47:33) [MSC v.1943 64 bit (AMD64)]", "cwd": "C:\\Users\\razam\\Desktop\\Wedding\\Server"}}
{"timestamp": "2025-08-27T18:26:51.448881Z", "level": "INFO", "logger": "app", "message": "Creating Flask application in DEV environment", "module": "main", "function": "create_app", "line": 32, "thread": 12988, "process": 18068}
{"timestamp": "2025-08-27T18:26:51.449321Z", "level": "INFO", "logger": "app", "message": "MongoDB URI configured: mongodb://localhost:27017/wedding_planner", "module": "main", "function": "create_app", "line": 45, "thread": 12988, "process": 18068}
{"timestamp": "2025-08-27T18:26:51.453038Z", "level": "INFO", "logger": "app", "message": "Registering API blueprints", "module": "main", "function": "create_app", "line": 78, "thread": 12988, "process": 18068}
{"timestamp": "2025-08-27T18:26:51.467923Z", "level": "INFO", "logger": "app", "message": "Setting up background scheduler for booking reminders", "module": "main", "function": "create_app", "line": 171, "thread": 12988, "process": 18068}
{"timestamp": "2025-08-27T18:26:51.475573Z", "level": "INFO", "logger": "apscheduler.scheduler", "message": "Adding job tentatively -- it will be properly scheduled when the scheduler starts", "module": "base", "function": "add_job", "line": 507, "thread": 12988, "process": 18068}
{"timestamp": "2025-08-27T18:26:51.476327Z", "level": "INFO", "logger": "apscheduler.scheduler", "message": "Added job \"create_app.<locals>.scheduled_send_booking_return_reminders\" to job store \"default\"", "module": "base", "function": "_real_add_job", "line": 1090, "thread": 12988, "process": 18068}
{"timestamp": "2025-08-27T18:26:51.476671Z", "level": "INFO", "logger": "apscheduler.scheduler", "message": "Scheduler started", "module": "base", "function": "start", "line": 214, "thread": 12988, "process": 18068}
{"timestamp": "2025-08-27T18:26:51.477527Z", "level": "INFO", "logger": "app", "message": "Initializing database and collections", "module": "main", "function": "create_app", "line": 177, "thread": 12988, "process": 18068}
{"timestamp": "2025-08-27T18:26:51.498475Z", "level": "INFO", "logger": "models", "message": "Database initialized successfully with MongoDB", "module": "models", "function": "init_db", "line": 357, "thread": 12988, "process": 18068}
{"timestamp": "2025-08-27T18:26:51.498880Z", "level": "INFO", "logger": "app", "message": "Sending initial booking return reminders", "module": "main", "function": "create_app", "line": 184, "thread": 12988, "process": 18068}
{"timestamp": "2025-08-27T18:26:51.499688Z", "level": "INFO", "logger": "bookings", "message": "Return reminders processing completed", "module": "bookings", "function": "send_booking_return_reminders", "line": 722, "thread": 12988, "process": 18068}
{"timestamp": "2025-08-27T18:26:51.499959Z", "level": "INFO", "logger": "app", "message": "Flask application created successfully", "module": "main", "function": "create_app", "line": 191, "thread": 12988, "process": 18068}
{"timestamp": "2025-08-27T18:26:51.500305Z", "level": "INFO", "logger": "main", "message": "Starting Wedding Planner application on port 5000", "module": "main", "function": "<module>", "line": 200, "thread": 12988, "process": 18068}
{"timestamp": "2025-08-27T18:26:51.512075Z", "level": "WARNING", "logger": "werkzeug", "message": " * Debugger is active!", "module": "_internal", "function": "_log", "line": 97, "thread": 12988, "process": 18068}
{"timestamp": "2025-08-27T18:26:51.516641Z", "level": "INFO", "logger": "werkzeug", "message": " * Debugger PIN: 637-078-981", "module": "_internal", "function": "_log", "line": 97, "thread": 12988, "process": 18068}
{"timestamp": "2025-08-27T18:27:08.491953Z", "level": "INFO", "logger": "apscheduler.scheduler", "message": "Scheduler has been shut down", "module": "base", "function": "shutdown", "line": 245, "thread": 12988, "process": 18068}
{"timestamp": "2025-08-27T18:27:08.978117Z", "level": "INFO", "logger": "apscheduler.scheduler", "message": "Scheduler has been shut down", "module": "base", "function": "shutdown", "line": 245, "thread": 28296, "process": 9956}
{"timestamp": "2025-08-27T18:27:26.191478Z", "level": "INFO", "logger": "app", "message": "Wedding Planner application starting", "module": "logger_config", "function": "init_app_logging", "line": 447, "thread": 7904, "process": 31712, "data": {"log_level": "INFO", "environment": "development", "python_version": "3.13.3 (tags/v3.13.3:6280bb5, Apr  8 2025, 14:47:33) [MSC v.1943 64 bit (AMD64)]", "cwd": "C:\\Users\\razam\\Desktop\\Wedding\\Server"}}
{"timestamp": "2025-08-27T18:27:26.192000Z", "level": "INFO", "logger": "app", "message": "Creating Flask application in DEV environment", "module": "main", "function": "create_app", "line": 32, "thread": 7904, "process": 31712}
{"timestamp": "2025-08-27T18:27:26.192225Z", "level": "INFO", "logger": "app", "message": "MongoDB URI configured: mongodb://localhost:27017/wedding_planner", "module": "main", "function": "create_app", "line": 45, "thread": 7904, "process": 31712}
{"timestamp": "2025-08-27T18:27:26.194921Z", "level": "INFO", "logger": "app", "message": "Registering API blueprints", "module": "main", "function": "create_app", "line": 78, "thread": 7904, "process": 31712}
{"timestamp": "2025-08-27T18:27:26.210706Z", "level": "INFO", "logger": "app", "message": "Setting up background scheduler for booking reminders", "module": "main", "function": "create_app", "line": 171, "thread": 7904, "process": 31712}
{"timestamp": "2025-08-27T18:27:26.218946Z", "level": "INFO", "logger": "apscheduler.scheduler", "message": "Adding job tentatively -- it will be properly scheduled when the scheduler starts", "module": "base", "function": "add_job", "line": 507, "thread": 7904, "process": 31712}
{"timestamp": "2025-08-27T18:27:26.219754Z", "level": "INFO", "logger": "apscheduler.scheduler", "message": "Added job \"create_app.<locals>.scheduled_send_booking_return_reminders\" to job store \"default\"", "module": "base", "function": "_real_add_job", "line": 1090, "thread": 7904, "process": 31712}
{"timestamp": "2025-08-27T18:27:26.220054Z", "level": "INFO", "logger": "apscheduler.scheduler", "message": "Scheduler started", "module": "base", "function": "start", "line": 214, "thread": 7904, "process": 31712}
{"timestamp": "2025-08-27T18:27:26.220944Z", "level": "INFO", "logger": "app", "message": "Initializing database and collections", "module": "main", "function": "create_app", "line": 177, "thread": 7904, "process": 31712}
{"timestamp": "2025-08-27T18:27:26.272295Z", "level": "INFO", "logger": "models", "message": "Database initialized successfully with MongoDB", "module": "models", "function": "init_db", "line": 357, "thread": 7904, "process": 31712}
{"timestamp": "2025-08-27T18:27:26.272670Z", "level": "INFO", "logger": "app", "message": "Sending initial booking return reminders", "module": "main", "function": "create_app", "line": 184, "thread": 7904, "process": 31712}
{"timestamp": "2025-08-27T18:27:26.273430Z", "level": "INFO", "logger": "bookings", "message": "Return reminders processing completed", "module": "bookings", "function": "send_booking_return_reminders", "line": 722, "thread": 7904, "process": 31712}
{"timestamp": "2025-08-27T18:27:26.273736Z", "level": "INFO", "logger": "app", "message": "Flask application created successfully", "module": "main", "function": "create_app", "line": 191, "thread": 7904, "process": 31712}
{"timestamp": "2025-08-27T18:27:26.273914Z", "level": "INFO", "logger": "main", "message": "Starting Wedding Planner application on port 5000", "module": "main", "function": "<module>", "line": 200, "thread": 7904, "process": 31712}
{"timestamp": "2025-08-27T18:27:26.283607Z", "level": "INFO", "logger": "werkzeug", "message": "\u001b[31m\u001b[1mWARNING: This is a development server. Do not use it in a production deployment. Use a production WSGI server instead.\u001b[0m\n * Running on all addresses (0.0.0.0)\n * Running on http://127.0.0.1:5000\n * Running on http://192.168.31.182:5000", "module": "_internal", "function": "_log", "line": 97, "thread": 7904, "process": 31712}
{"timestamp": "2025-08-27T18:27:26.284023Z", "level": "INFO", "logger": "werkzeug", "message": "\u001b[33mPress CTRL+C to quit\u001b[0m", "module": "_internal", "function": "_log", "line": 97, "thread": 7904, "process": 31712}
{"timestamp": "2025-08-27T18:27:41.090235Z", "level": "INFO", "logger": "apscheduler.scheduler", "message": "Scheduler has been shut down", "module": "base", "function": "shutdown", "line": 245, "thread": 7904, "process": 31712}
{"timestamp": "2025-08-27T18:28:17.333485Z", "level": "INFO", "logger": "app", "message": "Wedding Planner application starting", "module": "logger_config", "function": "init_app_logging", "line": 447, "thread": 25932, "process": 1976, "data": {"log_level": "INFO", "environment": "development", "python_version": "3.13.3 (tags/v3.13.3:6280bb5, Apr  8 2025, 14:47:33) [MSC v.1943 64 bit (AMD64)]", "cwd": "C:\\Users\\razam\\Desktop\\Wedding\\Server"}}
{"timestamp": "2025-08-27T18:28:17.334149Z", "level": "INFO", "logger": "app", "message": "Creating Flask application in DEV environment", "module": "main", "function": "create_app", "line": 32, "thread": 25932, "process": 1976}
{"timestamp": "2025-08-27T18:28:17.334569Z", "level": "INFO", "logger": "app", "message": "MongoDB URI configured: mongodb://localhost:27017/wedding_planner", "module": "main", "function": "create_app", "line": 45, "thread": 25932, "process": 1976}
{"timestamp": "2025-08-27T18:28:17.338309Z", "level": "INFO", "logger": "app", "message": "Registering API blueprints", "module": "main", "function": "create_app", "line": 78, "thread": 25932, "process": 1976}
{"timestamp": "2025-08-27T18:28:17.354150Z", "level": "INFO", "logger": "app", "message": "Setting up background scheduler for booking reminders", "module": "main", "function": "create_app", "line": 171, "thread": 25932, "process": 1976}
{"timestamp": "2025-08-27T18:28:17.364331Z", "level": "INFO", "logger": "apscheduler.scheduler", "message": "Adding job tentatively -- it will be properly scheduled when the scheduler starts", "module": "base", "function": "add_job", "line": 507, "thread": 25932, "process": 1976}
{"timestamp": "2025-08-27T18:28:17.365213Z", "level": "INFO", "logger": "apscheduler.scheduler", "message": "Added job \"create_app.<locals>.scheduled_send_booking_return_reminders\" to job store \"default\"", "module": "base", "function": "_real_add_job", "line": 1090, "thread": 25932, "process": 1976}
{"timestamp": "2025-08-27T18:28:17.365528Z", "level": "INFO", "logger": "apscheduler.scheduler", "message": "Scheduler started", "module": "base", "function": "start", "line": 214, "thread": 25932, "process": 1976}
{"timestamp": "2025-08-27T18:28:17.366296Z", "level": "INFO", "logger": "app", "message": "Initializing database and collections", "module": "main", "function": "create_app", "line": 177, "thread": 25932, "process": 1976}
{"timestamp": "2025-08-27T18:28:17.385100Z", "level": "INFO", "logger": "models", "message": "Database initialized successfully with MongoDB", "module": "models", "function": "init_db", "line": 357, "thread": 25932, "process": 1976}
{"timestamp": "2025-08-27T18:28:17.385579Z", "level": "INFO", "logger": "app", "message": "Sending initial booking return reminders", "module": "main", "function": "create_app", "line": 184, "thread": 25932, "process": 1976}
{"timestamp": "2025-08-27T18:28:17.387234Z", "level": "INFO", "logger": "bookings", "message": "Return reminders processing completed", "module": "bookings", "function": "send_booking_return_reminders", "line": 722, "thread": 25932, "process": 1976}
{"timestamp": "2025-08-27T18:28:17.387701Z", "level": "INFO", "logger": "app", "message": "Flask application created successfully", "module": "main", "function": "create_app", "line": 191, "thread": 25932, "process": 1976}
{"timestamp": "2025-08-27T18:28:17.388246Z", "level": "INFO", "logger": "apscheduler.scheduler", "message": "Scheduler has been shut down", "module": "base", "function": "shutdown", "line": 245, "thread": 25932, "process": 1976}
{"timestamp": "2025-08-27T18:28:28.740900Z", "level": "INFO", "logger": "app", "message": "Wedding Planner application starting", "module": "logger_config", "function": "init_app_logging", "line": 447, "thread": 19128, "process": 18508, "data": {"log_level": "INFO", "environment": "development", "python_version": "3.13.3 (tags/v3.13.3:6280bb5, Apr  8 2025, 14:47:33) [MSC v.1943 64 bit (AMD64)]", "cwd": "C:\\Users\\razam\\Desktop\\Wedding\\Server"}}
{"timestamp": "2025-08-27T18:28:28.741684Z", "level": "INFO", "logger": "app", "message": "Creating Flask application in DEV environment", "module": "main", "function": "create_app", "line": 32, "thread": 19128, "process": 18508}
{"timestamp": "2025-08-27T18:28:28.741982Z", "level": "INFO", "logger": "app", "message": "MongoDB URI configured: mongodb://localhost:27017/wedding_planner", "module": "main", "function": "create_app", "line": 45, "thread": 19128, "process": 18508}
{"timestamp": "2025-08-27T18:28:28.849979Z", "level": "INFO", "logger": "app", "message": "Registering API blueprints", "module": "main", "function": "create_app", "line": 78, "thread": 19128, "process": 18508}
{"timestamp": "2025-08-27T18:28:28.864572Z", "level": "INFO", "logger": "app", "message": "Setting up background scheduler for booking reminders", "module": "main", "function": "create_app", "line": 171, "thread": 19128, "process": 18508}
{"timestamp": "2025-08-27T18:28:28.873424Z", "level": "INFO", "logger": "apscheduler.scheduler", "message": "Adding job tentatively -- it will be properly scheduled when the scheduler starts", "module": "base", "function": "add_job", "line": 507, "thread": 19128, "process": 18508}
{"timestamp": "2025-08-27T18:28:28.874102Z", "level": "INFO", "logger": "apscheduler.scheduler", "message": "Added job \"create_app.<locals>.scheduled_send_booking_return_reminders\" to job store \"default\"", "module": "base", "function": "_real_add_job", "line": 1090, "thread": 19128, "process": 18508}
{"timestamp": "2025-08-27T18:28:28.874436Z", "level": "INFO", "logger": "apscheduler.scheduler", "message": "Scheduler started", "module": "base", "function": "start", "line": 214, "thread": 19128, "process": 18508}
{"timestamp": "2025-08-27T18:28:28.875220Z", "level": "INFO", "logger": "app", "message": "Initializing database and collections", "module": "main", "function": "create_app", "line": 177, "thread": 19128, "process": 18508}
{"timestamp": "2025-08-27T18:28:28.894239Z", "level": "INFO", "logger": "models", "message": "Database initialized successfully with MongoDB", "module": "models", "function": "init_db", "line": 357, "thread": 19128, "process": 18508}
{"timestamp": "2025-08-27T18:28:28.894602Z", "level": "INFO", "logger": "app", "message": "Sending initial booking return reminders", "module": "main", "function": "create_app", "line": 184, "thread": 19128, "process": 18508}
{"timestamp": "2025-08-27T18:28:28.895814Z", "level": "INFO", "logger": "bookings", "message": "Return reminders processing completed", "module": "bookings", "function": "send_booking_return_reminders", "line": 722, "thread": 19128, "process": 18508}
{"timestamp": "2025-08-27T18:28:28.896327Z", "level": "INFO", "logger": "app", "message": "Flask application created successfully", "module": "main", "function": "create_app", "line": 191, "thread": 19128, "process": 18508}
{"timestamp": "2025-08-27T18:28:28.904592Z", "level": "INFO", "logger": "werkzeug", "message": "\u001b[31m\u001b[1mWARNING: This is a development server. Do not use it in a production deployment. Use a production WSGI server instead.\u001b[0m\n * Running on all addresses (0.0.0.0)\n * Running on http://127.0.0.1:5000\n * Running on http://192.168.31.182:5000", "module": "_internal", "function": "_log", "line": 97, "thread": 19128, "process": 18508}
{"timestamp": "2025-08-27T18:28:28.905058Z", "level": "INFO", "logger": "werkzeug", "message": "\u001b[33mPress CTRL+C to quit\u001b[0m", "module": "_internal", "function": "_log", "line": 97, "thread": 19128, "process": 18508}
{"timestamp": "2025-08-27T18:28:43.698622Z", "level": "INFO", "logger": "apscheduler.scheduler", "message": "Scheduler has been shut down", "module": "base", "function": "shutdown", "line": 245, "thread": 19128, "process": 18508}
{"timestamp": "2025-08-27T18:29:30.744357Z", "level": "INFO", "logger": "app", "message": "Wedding Planner application starting", "module": "logger_config", "function": "init_app_logging", "line": 447, "thread": 3892, "process": 824, "data": {"log_level": "INFO", "environment": "development", "python_version": "3.13.3 (tags/v3.13.3:6280bb5, Apr  8 2025, 14:47:33) [MSC v.1943 64 bit (AMD64)]", "cwd": "C:\\Users\\razam\\Desktop\\Wedding\\Server"}}
{"timestamp": "2025-08-27T18:29:30.744996Z", "level": "INFO", "logger": "app", "message": "Creating Flask application in DEV environment", "module": "main", "function": "create_app", "line": 32, "thread": 3892, "process": 824}
{"timestamp": "2025-08-27T18:29:30.745336Z", "level": "INFO", "logger": "app", "message": "MongoDB URI configured: mongodb://localhost:27017/wedding_planner", "module": "main", "function": "create_app", "line": 45, "thread": 3892, "process": 824}
{"timestamp": "2025-08-27T18:29:30.748563Z", "level": "INFO", "logger": "app", "message": "Registering API blueprints", "module": "main", "function": "create_app", "line": 78, "thread": 3892, "process": 824}
{"timestamp": "2025-08-27T18:29:30.764927Z", "level": "INFO", "logger": "app", "message": "Initializing database and collections", "module": "main", "function": "create_app", "line": 178, "thread": 3892, "process": 824}
{"timestamp": "2025-08-27T18:29:30.784717Z", "level": "INFO", "logger": "models", "message": "Database initialized successfully with MongoDB", "module": "models", "function": "init_db", "line": 357, "thread": 3892, "process": 824}
{"timestamp": "2025-08-27T18:29:30.785091Z", "level": "INFO", "logger": "app", "message": "Sending initial booking return reminders", "module": "main", "function": "create_app", "line": 185, "thread": 3892, "process": 824}
{"timestamp": "2025-08-27T18:29:30.786027Z", "level": "INFO", "logger": "bookings", "message": "Return reminders processing completed", "module": "bookings", "function": "send_booking_return_reminders", "line": 722, "thread": 3892, "process": 824}
{"timestamp": "2025-08-27T18:29:30.786266Z", "level": "INFO", "logger": "app", "message": "Flask application created successfully", "module": "main", "function": "create_app", "line": 192, "thread": 3892, "process": 824}
{"timestamp": "2025-08-27T18:29:30.786443Z", "level": "INFO", "logger": "main", "message": "Starting Wedding Planner application on port 5000", "module": "main", "function": "<module>", "line": 201, "thread": 3892, "process": 824}
{"timestamp": "2025-08-27T18:29:30.795414Z", "level": "INFO", "logger": "werkzeug", "message": "\u001b[31m\u001b[1mWARNING: This is a development server. Do not use it in a production deployment. Use a production WSGI server instead.\u001b[0m\n * Running on all addresses (0.0.0.0)\n * Running on http://127.0.0.1:5000\n * Running on http://192.168.31.182:5000", "module": "_internal", "function": "_log", "line": 97, "thread": 3892, "process": 824}
{"timestamp": "2025-08-27T18:29:30.795855Z", "level": "INFO", "logger": "werkzeug", "message": "\u001b[33mPress CTRL+C to quit\u001b[0m", "module": "_internal", "function": "_log", "line": 97, "thread": 3892, "process": 824}
{"timestamp": "2025-08-27T18:30:39.505772Z", "level": "INFO", "logger": "app", "message": "Wedding Planner application starting", "module": "logger_config", "function": "init_app_logging", "line": 447, "thread": 19288, "process": 31528, "data": {"log_level": "INFO", "environment": "development", "python_version": "3.13.3 (tags/v3.13.3:6280bb5, Apr  8 2025, 14:47:33) [MSC v.1943 64 bit (AMD64)]", "cwd": "C:\\Users\\razam\\Desktop\\Wedding\\Server"}}
{"timestamp": "2025-08-27T18:30:39.506412Z", "level": "INFO", "logger": "app", "message": "Creating Flask application in DEV environment", "module": "main", "function": "create_app", "line": 32, "thread": 19288, "process": 31528}
{"timestamp": "2025-08-27T18:30:39.506701Z", "level": "INFO", "logger": "app", "message": "MongoDB URI configured: mongodb://localhost:27017/wedding_planner", "module": "main", "function": "create_app", "line": 45, "thread": 19288, "process": 31528}
{"timestamp": "2025-08-27T18:30:39.511062Z", "level": "INFO", "logger": "app", "message": "Registering API blueprints", "module": "main", "function": "create_app", "line": 78, "thread": 19288, "process": 31528}
{"timestamp": "2025-08-27T18:30:39.526281Z", "level": "INFO", "logger": "app", "message": "Initializing database and collections", "module": "main", "function": "create_app", "line": 178, "thread": 19288, "process": 31528}
{"timestamp": "2025-08-27T18:30:39.546652Z", "level": "INFO", "logger": "models", "message": "Database initialized successfully with MongoDB", "module": "models", "function": "init_db", "line": 357, "thread": 19288, "process": 31528}
{"timestamp": "2025-08-27T18:30:39.547059Z", "level": "INFO", "logger": "app", "message": "Sending initial booking return reminders", "module": "main", "function": "create_app", "line": 185, "thread": 19288, "process": 31528}
{"timestamp": "2025-08-27T18:30:39.547980Z", "level": "INFO", "logger": "bookings", "message": "Return reminders processing completed", "module": "bookings", "function": "send_booking_return_reminders", "line": 722, "thread": 19288, "process": 31528}
{"timestamp": "2025-08-27T18:30:39.548273Z", "level": "INFO", "logger": "app", "message": "Flask application created successfully", "module": "main", "function": "create_app", "line": 192, "thread": 19288, "process": 31528}
{"timestamp": "2025-08-27T18:30:39.548460Z", "level": "INFO", "logger": "main", "message": "Starting Wedding Planner application on port 5000", "module": "main", "function": "<module>", "line": 201, "thread": 19288, "process": 31528}
{"timestamp": "2025-08-27T18:30:39.558944Z", "level": "INFO", "logger": "werkzeug", "message": "\u001b[31m\u001b[1mWARNING: This is a development server. Do not use it in a production deployment. Use a production WSGI server instead.\u001b[0m\n * Running on all addresses (0.0.0.0)\n * Running on http://127.0.0.1:5000\n * Running on http://192.168.31.182:5000", "module": "_internal", "function": "_log", "line": 97, "thread": 19288, "process": 31528}
{"timestamp": "2025-08-27T18:30:39.559247Z", "level": "INFO", "logger": "werkzeug", "message": "\u001b[33mPress CTRL+C to quit\u001b[0m", "module": "_internal", "function": "_log", "line": 97, "thread": 19288, "process": 31528}
{"timestamp": "2025-08-27T18:30:44.422539Z", "level": "INFO", "logger": "app", "message": "Request completed: GET / - 200 in 0.22ms", "module": "main", "function": "after_request", "line": 63, "thread": 30220, "process": 31528, "request_id": "ca7edde6-e232-414d-9631-a4440d540818", "http": {"method": "GET", "url": "http://127.0.0.1:5000/", "remote_addr": "127.0.0.1", "user_agent": "Mozilla/5.0 (Windows NT 10.0; Win64; x64) AppleWebKit/537.36 (KHTML, like Gecko) Chrome/139.0.0.0 Safari/537.36", "content_type": null}, "data": {"request_id": "ca7edde6-e232-414d-9631-a4440d540818", "method": "GET", "path": "/", "status_code": 200, "duration_ms": 0.21791458129882812, "content_length": 208, "remote_addr": "127.0.0.1"}}
{"timestamp": "2025-08-27T18:30:44.425164Z", "level": "INFO", "logger": "werkzeug", "message": "127.0.0.1 - - [27/Aug/2025 21:30:44] \"GET / HTTP/1.1\" 200 -", "module": "_internal", "function": "_log", "line": 97, "thread": 30220, "process": 31528}
{"timestamp": "2025-08-27T18:30:44.471283Z", "level": "INFO", "logger": "app", "message": "Request completed: GET /favicon.ico - 404 in 0.23ms", "module": "main", "function": "after_request", "line": 63, "thread": 29800, "process": 31528, "request_id": "0cf45028-3e2c-4b82-9fcc-a96658f883c3", "http": {"method": "GET", "url": "http://127.0.0.1:5000/favicon.ico", "remote_addr": "127.0.0.1", "user_agent": "Mozilla/5.0 (Windows NT 10.0; Win64; x64) AppleWebKit/537.36 (KHTML, like Gecko) Chrome/139.0.0.0 Safari/537.36", "content_type": null}, "data": {"request_id": "0cf45028-3e2c-4b82-9fcc-a96658f883c3", "method": "GET", "path": "/favicon.ico", "status_code": 404, "duration_ms": 0.2338886260986328, "content_length": 111, "remote_addr": "127.0.0.1"}}
{"timestamp": "2025-08-27T18:30:44.472193Z", "level": "INFO", "logger": "werkzeug", "message": "127.0.0.1 - - [27/Aug/2025 21:30:44] \"\u001b[33mGET /favicon.ico HTTP/1.1\u001b[0m\" 404 -", "module": "_internal", "function": "_log", "line": 97, "thread": 29800, "process": 31528}
{"timestamp": "2025-08-27T18:31:19.203858Z", "level": "INFO", "logger": "app", "message": "Request completed: OPTIONS /api/items/categories - 200 in 0.30ms", "module": "main", "function": "after_request", "line": 63, "thread": 25492, "process": 31528, "request_id": "67f1320b-73cf-43e5-8d09-d60c1272b4da", "http": {"method": "OPTIONS", "url": "http://localhost:5000/api/items/categories", "remote_addr": "127.0.0.1", "user_agent": "Mozilla/5.0 (Windows NT 10.0; Win64; x64) AppleWebKit/537.36 (KHTML, like Gecko) Chrome/139.0.0.0 Safari/537.36", "content_type": null}, "data": {"request_id": "67f1320b-73cf-43e5-8d09-d60c1272b4da", "method": "OPTIONS", "path": "/api/items/categories", "status_code": 200, "duration_ms": 0.3025531768798828, "content_length": null, "remote_addr": "127.0.0.1"}}
{"timestamp": "2025-08-27T18:31:19.204322Z", "level": "INFO", "logger": "app", "message": "Request completed: OPTIONS /api/bookings/cart - 200 in 0.09ms", "module": "main", "function": "after_request", "line": 63, "thread": 17664, "process": 31528, "request_id": "a91c9f12-6ba3-404a-98e8-2c7d26ef7fb2", "http": {"method": "OPTIONS", "url": "http://localhost:5000/api/bookings/cart", "remote_addr": "127.0.0.1", "user_agent": "Mozilla/5.0 (Windows NT 10.0; Win64; x64) AppleWebKit/537.36 (KHTML, like Gecko) Chrome/139.0.0.0 Safari/537.36", "content_type": null}, "data": {"request_id": "a91c9f12-6ba3-404a-98e8-2c7d26ef7fb2", "method": "OPTIONS", "path": "/api/bookings/cart", "status_code": 200, "duration_ms": 0.08869171142578125, "content_length": null, "remote_addr": "127.0.0.1"}}
{"timestamp": "2025-08-27T18:31:19.205068Z", "level": "INFO", "logger": "app", "message": "Request completed: OPTIONS /api/items/categories - 200 in 0.08ms", "module": "main", "function": "after_request", "line": 63, "thread": 26216, "process": 31528, "request_id": "664c83b9-2908-4798-8ca8-5d92a242576e", "http": {"method": "OPTIONS", "url": "http://localhost:5000/api/items/categories", "remote_addr": "127.0.0.1", "user_agent": "Mozilla/5.0 (Windows NT 10.0; Win64; x64) AppleWebKit/537.36 (KHTML, like Gecko) Chrome/139.0.0.0 Safari/537.36", "content_type": null}, "data": {"request_id": "664c83b9-2908-4798-8ca8-5d92a242576e", "method": "OPTIONS", "path": "/api/items/categories", "status_code": 200, "duration_ms": 0.07867813110351562, "content_length": null, "remote_addr": "127.0.0.1"}}
{"timestamp": "2025-08-27T18:31:19.205665Z", "level": "INFO", "logger": "app", "message": "Request completed: OPTIONS /api/bookings/cart - 200 in 0.28ms", "module": "main", "function": "after_request", "line": 63, "thread": 7952, "process": 31528, "request_id": "662f3d97-7350-4be6-969f-dc6537c9ccd6", "http": {"method": "OPTIONS", "url": "http://localhost:5000/api/bookings/cart", "remote_addr": "127.0.0.1", "user_agent": "Mozilla/5.0 (Windows NT 10.0; Win64; x64) AppleWebKit/537.36 (KHTML, like Gecko) Chrome/139.0.0.0 Safari/537.36", "content_type": null}, "data": {"request_id": "662f3d97-7350-4be6-969f-dc6537c9ccd6", "method": "OPTIONS", "path": "/api/bookings/cart", "status_code": 200, "duration_ms": 0.28228759765625, "content_length": null, "remote_addr": "127.0.0.1"}}
{"timestamp": "2025-08-27T18:31:19.207444Z", "level": "INFO", "logger": "werkzeug", "message": "127.0.0.1 - - [27/Aug/2025 21:31:19] \"OPTIONS /api/items/categories HTTP/1.1\" 200 -", "module": "_internal", "function": "_log", "line": 97, "thread": 25492, "process": 31528}
{"timestamp": "2025-08-27T18:31:19.208073Z", "level": "INFO", "logger": "werkzeug", "message": "127.0.0.1 - - [27/Aug/2025 21:31:19] \"OPTIONS /api/bookings/cart HTTP/1.1\" 200 -", "module": "_internal", "function": "_log", "line": 97, "thread": 17664, "process": 31528}
{"timestamp": "2025-08-27T18:31:19.208494Z", "level": "INFO", "logger": "werkzeug", "message": "127.0.0.1 - - [27/Aug/2025 21:31:19] \"OPTIONS /api/items/categories HTTP/1.1\" 200 -", "module": "_internal", "function": "_log", "line": 97, "thread": 26216, "process": 31528}
{"timestamp": "2025-08-27T18:31:19.208926Z", "level": "INFO", "logger": "werkzeug", "message": "127.0.0.1 - - [27/Aug/2025 21:31:19] \"OPTIONS /api/bookings/cart HTTP/1.1\" 200 -", "module": "_internal", "function": "_log", "line": 97, "thread": 7952, "process": 31528}
{"timestamp": "2025-08-27T18:31:19.472034Z", "level": "INFO", "logger": "app", "message": "Request completed: GET /api/items/categories - 200 in 4.08ms", "module": "main", "function": "after_request", "line": 63, "thread": 29312, "process": 31528, "request_id": "304dce65-d874-4131-b133-50b595cccc2d", "http": {"method": "GET", "url": "http://localhost:5000/api/items/categories", "remote_addr": "127.0.0.1", "user_agent": "Mozilla/5.0 (Windows NT 10.0; Win64; x64) AppleWebKit/537.36 (KHTML, like Gecko) Chrome/139.0.0.0 Safari/537.36", "content_type": null}, "data": {"request_id": "304dce65-d874-4131-b133-50b595cccc2d", "method": "GET", "path": "/api/items/categories", "status_code": 200, "duration_ms": 4.076480865478516, "content_length": 844, "remote_addr": "127.0.0.1"}}
{"timestamp": "2025-08-27T18:31:19.473382Z", "level": "INFO", "logger": "werkzeug", "message": "127.0.0.1 - - [27/Aug/2025 21:31:19] \"GET /api/items/categories HTTP/1.1\" 200 -", "module": "_internal", "function": "_log", "line": 97, "thread": 29312, "process": 31528}
{"timestamp": "2025-08-27T18:31:19.532180Z", "level": "WARNING", "logger": "app", "message": "Invalid token access attempt: Signature verification failed", "module": "main", "function": "invalid_token_callback", "line": 101, "thread": 28444, "process": 31528, "request_id": "c4b99b78-016a-4dd4-96c9-75ff9cbe51a6", "http": {"method": "GET", "url": "http://localhost:5000/api/bookings/cart", "remote_addr": "127.0.0.1", "user_agent": "Mozilla/5.0 (Windows NT 10.0; Win64; x64) AppleWebKit/537.36 (KHTML, like Gecko) Chrome/139.0.0.0 Safari/537.36", "content_type": null}}
{"timestamp": "2025-08-27T18:31:19.534194Z", "level": "INFO", "logger": "app", "message": "Request completed: GET /api/bookings/cart - 401 in 4.15ms", "module": "main", "function": "after_request", "line": 63, "thread": 28444, "process": 31528, "request_id": "c4b99b78-016a-4dd4-96c9-75ff9cbe51a6", "http": {"method": "GET", "url": "http://localhost:5000/api/bookings/cart", "remote_addr": "127.0.0.1", "user_agent": "Mozilla/5.0 (Windows NT 10.0; Win64; x64) AppleWebKit/537.36 (KHTML, like Gecko) Chrome/139.0.0.0 Safari/537.36", "content_type": null}, "data": {"request_id": "c4b99b78-016a-4dd4-96c9-75ff9cbe51a6", "method": "GET", "path": "/api/bookings/cart", "status_code": 401, "duration_ms": 4.153728485107422, "content_length": 26, "remote_addr": "127.0.0.1"}}
{"timestamp": "2025-08-27T18:31:19.534835Z", "level": "INFO", "logger": "app", "message": "Request completed: GET /api/items/categories - 200 in 1.81ms", "module": "main", "function": "after_request", "line": 63, "thread": 32568, "process": 31528, "request_id": "17392e07-2372-475e-91bf-6dfbe30589ba", "http": {"method": "GET", "url": "http://localhost:5000/api/items/categories", "remote_addr": "127.0.0.1", "user_agent": "Mozilla/5.0 (Windows NT 10.0; Win64; x64) AppleWebKit/537.36 (KHTML, like Gecko) Chrome/139.0.0.0 Safari/537.36", "content_type": null}, "data": {"request_id": "17392e07-2372-475e-91bf-6dfbe30589ba", "method": "GET", "path": "/api/items/categories", "status_code": 200, "duration_ms": 1.8069744110107422, "content_length": 844, "remote_addr": "127.0.0.1"}}
{"timestamp": "2025-08-27T18:31:19.535184Z", "level": "INFO", "logger": "werkzeug", "message": "127.0.0.1 - - [27/Aug/2025 21:31:19] \"\u001b[31m\u001b[1mGET /api/bookings/cart HTTP/1.1\u001b[0m\" 401 -", "module": "_internal", "function": "_log", "line": 97, "thread": 28444, "process": 31528}
{"timestamp": "2025-08-27T18:31:19.535586Z", "level": "INFO", "logger": "werkzeug", "message": "127.0.0.1 - - [27/Aug/2025 21:31:19] \"GET /api/items/categories HTTP/1.1\" 200 -", "module": "_internal", "function": "_log", "line": 97, "thread": 32568, "process": 31528}
{"timestamp": "2025-08-27T18:31:19.779333Z", "level": "WARNING", "logger": "app", "message": "Invalid token access attempt: Signature verification failed", "module": "main", "function": "invalid_token_callback", "line": 101, "thread": 19500, "process": 31528, "request_id": "80c19b26-504c-4f01-89a2-d0f2aaa3b157", "http": {"method": "GET", "url": "http://localhost:5000/api/bookings/cart", "remote_addr": "127.0.0.1", "user_agent": "Mozilla/5.0 (Windows NT 10.0; Win64; x64) AppleWebKit/537.36 (KHTML, like Gecko) Chrome/139.0.0.0 Safari/537.36", "content_type": null}}
{"timestamp": "2025-08-27T18:31:19.780103Z", "level": "INFO", "logger": "app", "message": "Request completed: GET /api/bookings/cart - 401 in 1.05ms", "module": "main", "function": "after_request", "line": 63, "thread": 19500, "process": 31528, "request_id": "80c19b26-504c-4f01-89a2-d0f2aaa3b157", "http": {"method": "GET", "url": "http://localhost:5000/api/bookings/cart", "remote_addr": "127.0.0.1", "user_agent": "Mozilla/5.0 (Windows NT 10.0; Win64; x64) AppleWebKit/537.36 (KHTML, like Gecko) Chrome/139.0.0.0 Safari/537.36", "content_type": null}, "data": {"request_id": "80c19b26-504c-4f01-89a2-d0f2aaa3b157", "method": "GET", "path": "/api/bookings/cart", "status_code": 401, "duration_ms": 1.0499954223632812, "content_length": 26, "remote_addr": "127.0.0.1"}}
{"timestamp": "2025-08-27T18:31:19.780599Z", "level": "INFO", "logger": "werkzeug", "message": "127.0.0.1 - - [27/Aug/2025 21:31:19] \"\u001b[31m\u001b[1mGET /api/bookings/cart HTTP/1.1\u001b[0m\" 401 -", "module": "_internal", "function": "_log", "line": 97, "thread": 19500, "process": 31528}
{"timestamp": "2025-08-27T18:31:20.738136Z", "level": "INFO", "logger": "app", "message": "Request completed: OPTIONS /api/items/ - 200 in 0.28ms", "module": "main", "function": "after_request", "line": 63, "thread": 29796, "process": 31528, "request_id": "e588a142-5dbb-4e34-8f52-265dee4daea1", "http": {"method": "OPTIONS", "url": "http://localhost:5000/api/items/?page=1&amount_per_page=20&filter_by_name=&category=&only_available=false&load_categories=true", "remote_addr": "127.0.0.1", "user_agent": "Mozilla/5.0 (Windows NT 10.0; Win64; x64) AppleWebKit/537.36 (KHTML, like Gecko) Chrome/139.0.0.0 Safari/537.36", "content_type": null}, "data": {"request_id": "e588a142-5dbb-4e34-8f52-265dee4daea1", "method": "OPTIONS", "path": "/api/items/", "status_code": 200, "duration_ms": 0.27871131896972656, "content_length": null, "remote_addr": "127.0.0.1"}}
{"timestamp": "2025-08-27T18:31:20.739184Z", "level": "INFO", "logger": "werkzeug", "message": "127.0.0.1 - - [27/Aug/2025 21:31:20] \"OPTIONS /api/items/?page=1&amount_per_page=20&filter_by_name=&category=&only_available=false&load_categories=true HTTP/1.1\" 200 -", "module": "_internal", "function": "_log", "line": 97, "thread": 29796, "process": 31528}
{"timestamp": "2025-08-27T18:31:21.050405Z", "level": "WARNING", "logger": "app", "message": "Invalid token access attempt: Signature verification failed", "module": "main", "function": "invalid_token_callback", "line": 101, "thread": 10244, "process": 31528, "request_id": "63639d7f-d714-475f-a0b8-882da6b72b3c", "http": {"method": "GET", "url": "http://localhost:5000/api/items/?page=1&amount_per_page=20&filter_by_name=&category=&only_available=false&load_categories=true", "remote_addr": "127.0.0.1", "user_agent": "Mozilla/5.0 (Windows NT 10.0; Win64; x64) AppleWebKit/537.36 (KHTML, like Gecko) Chrome/139.0.0.0 Safari/537.36", "content_type": null}}
{"timestamp": "2025-08-27T18:31:21.051230Z", "level": "INFO", "logger": "app", "message": "Request completed: GET /api/items/categories - 200 in 2.10ms", "module": "main", "function": "after_request", "line": 63, "thread": 2792, "process": 31528, "request_id": "d0d8a35d-4d05-4693-adb2-ec7fd07f6169", "http": {"method": "GET", "url": "http://localhost:5000/api/items/categories", "remote_addr": "127.0.0.1", "user_agent": "Mozilla/5.0 (Windows NT 10.0; Win64; x64) AppleWebKit/537.36 (KHTML, like Gecko) Chrome/139.0.0.0 Safari/537.36", "content_type": null}, "data": {"request_id": "d0d8a35d-4d05-4693-adb2-ec7fd07f6169", "method": "GET", "path": "/api/items/categories", "status_code": 200, "duration_ms": 2.1011829376220703, "content_length": 844, "remote_addr": "127.0.0.1"}}
{"timestamp": "2025-08-27T18:31:21.051879Z", "level": "INFO", "logger": "app", "message": "Request completed: GET /api/items/ - 401 in 1.80ms", "module": "main", "function": "after_request", "line": 63, "thread": 10244, "process": 31528, "request_id": "63639d7f-d714-475f-a0b8-882da6b72b3c", "http": {"method": "GET", "url": "http://localhost:5000/api/items/?page=1&amount_per_page=20&filter_by_name=&category=&only_available=false&load_categories=true", "remote_addr": "127.0.0.1", "user_agent": "Mozilla/5.0 (Windows NT 10.0; Win64; x64) AppleWebKit/537.36 (KHTML, like Gecko) Chrome/139.0.0.0 Safari/537.36", "content_type": null}, "data": {"request_id": "63639d7f-d714-475f-a0b8-882da6b72b3c", "method": "GET", "path": "/api/items/", "status_code": 401, "duration_ms": 1.8000602722167969, "content_length": 26, "remote_addr": "127.0.0.1"}}
{"timestamp": "2025-08-27T18:31:21.052321Z", "level": "INFO", "logger": "werkzeug", "message": "127.0.0.1 - - [27/Aug/2025 21:31:21] \"GET /api/items/categories HTTP/1.1\" 200 -", "module": "_internal", "function": "_log", "line": 97, "thread": 2792, "process": 31528}
{"timestamp": "2025-08-27T18:31:21.052647Z", "level": "INFO", "logger": "werkzeug", "message": "127.0.0.1 - - [27/Aug/2025 21:31:21] \"\u001b[31m\u001b[1mGET /api/items/?page=1&amount_per_page=20&filter_by_name=&category=&only_available=false&load_categories=true HTTP/1.1\u001b[0m\" 401 -", "module": "_internal", "function": "_log", "line": 97, "thread": 10244, "process": 31528}
{"timestamp": "2025-08-27T18:31:21.359957Z", "level": "INFO", "logger": "app", "message": "Request completed: GET /api/items/categories - 200 in 1.76ms", "module": "main", "function": "after_request", "line": 63, "thread": 23872, "process": 31528, "request_id": "10810b45-796a-4fc9-a2eb-a272ad1e4c09", "http": {"method": "GET", "url": "http://localhost:5000/api/items/categories", "remote_addr": "127.0.0.1", "user_agent": "Mozilla/5.0 (Windows NT 10.0; Win64; x64) AppleWebKit/537.36 (KHTML, like Gecko) Chrome/139.0.0.0 Safari/537.36", "content_type": null}, "data": {"request_id": "10810b45-796a-4fc9-a2eb-a272ad1e4c09", "method": "GET", "path": "/api/items/categories", "status_code": 200, "duration_ms": 1.7616748809814453, "content_length": 844, "remote_addr": "127.0.0.1"}}
{"timestamp": "2025-08-27T18:31:21.360866Z", "level": "INFO", "logger": "werkzeug", "message": "127.0.0.1 - - [27/Aug/2025 21:31:21] \"GET /api/items/categories HTTP/1.1\" 200 -", "module": "_internal", "function": "_log", "line": 97, "thread": 23872, "process": 31528}
{"timestamp": "2025-08-27T18:31:24.769008Z", "level": "INFO", "logger": "app", "message": "Request completed: OPTIONS /api/bookings/my-bookings - 200 in 0.12ms", "module": "main", "function": "after_request", "line": 63, "thread": 11112, "process": 31528, "request_id": "cf57dd39-a9f8-4fab-a34d-a35dc0159052", "http": {"method": "OPTIONS", "url": "http://localhost:5000/api/bookings/my-bookings?page=1&per_page=20&direction=asc", "remote_addr": "127.0.0.1", "user_agent": "Mozilla/5.0 (Windows NT 10.0; Win64; x64) AppleWebKit/537.36 (KHTML, like Gecko) Chrome/139.0.0.0 Safari/537.36", "content_type": null}, "data": {"request_id": "cf57dd39-a9f8-4fab-a34d-a35dc0159052", "method": "OPTIONS", "path": "/api/bookings/my-bookings", "status_code": 200, "duration_ms": 0.1239776611328125, "content_length": null, "remote_addr": "127.0.0.1"}}
{"timestamp": "2025-08-27T18:31:24.769912Z", "level": "INFO", "logger": "werkzeug", "message": "127.0.0.1 - - [27/Aug/2025 21:31:24] \"OPTIONS /api/bookings/my-bookings?page=1&per_page=20&direction=asc HTTP/1.1\" 200 -", "module": "_internal", "function": "_log", "line": 97, "thread": 11112, "process": 31528}
{"timestamp": "2025-08-27T18:31:25.075850Z", "level": "WARNING", "logger": "app", "message": "Invalid token access attempt: Signature verification failed", "module": "main", "function": "invalid_token_callback", "line": 101, "thread": 15340, "process": 31528, "request_id": "c5e1216e-d84e-46f5-ae25-41b430d37a64", "http": {"method": "GET", "url": "http://localhost:5000/api/bookings/my-bookings?page=1&per_page=20&direction=asc", "remote_addr": "127.0.0.1", "user_agent": "Mozilla/5.0 (Windows NT 10.0; Win64; x64) AppleWebKit/537.36 (KHTML, like Gecko) Chrome/139.0.0.0 Safari/537.36", "content_type": null}}
{"timestamp": "2025-08-27T18:31:25.076600Z", "level": "INFO", "logger": "app", "message": "Request completed: GET /api/bookings/my-bookings - 401 in 1.01ms", "module": "main", "function": "after_request", "line": 63, "thread": 15340, "process": 31528, "request_id": "c5e1216e-d84e-46f5-ae25-41b430d37a64", "http": {"method": "GET", "url": "http://localhost:5000/api/bookings/my-bookings?page=1&per_page=20&direction=asc", "remote_addr": "127.0.0.1", "user_agent": "Mozilla/5.0 (Windows NT 10.0; Win64; x64) AppleWebKit/537.36 (KHTML, like Gecko) Chrome/139.0.0.0 Safari/537.36", "content_type": null}, "data": {"request_id": "c5e1216e-d84e-46f5-ae25-41b430d37a64", "method": "GET", "path": "/api/bookings/my-bookings", "status_code": 401, "duration_ms": 1.0137557983398438, "content_length": 26, "remote_addr": "127.0.0.1"}}
{"timestamp": "2025-08-27T18:31:25.077268Z", "level": "INFO", "logger": "werkzeug", "message": "127.0.0.1 - - [27/Aug/2025 21:31:25] \"\u001b[31m\u001b[1mGET /api/bookings/my-bookings?page=1&per_page=20&direction=asc HTTP/1.1\u001b[0m\" 401 -", "module": "_internal", "function": "_log", "line": 97, "thread": 15340, "process": 31528}
{"timestamp": "2025-08-27T18:31:27.624328Z", "level": "INFO", "logger": "app", "message": "Request completed: OPTIONS /api/items/categories - 200 in 0.16ms", "module": "main", "function": "after_request", "line": 63, "thread": 15752, "process": 31528, "request_id": "7f76b20d-7416-4fea-85e6-69e9a81e55be", "http": {"method": "OPTIONS", "url": "http://localhost:5000/api/items/categories", "remote_addr": "127.0.0.1", "user_agent": "Mozilla/5.0 (Windows NT 10.0; Win64; x64) AppleWebKit/537.36 (KHTML, like Gecko) Chrome/139.0.0.0 Safari/537.36", "content_type": null}, "data": {"request_id": "7f76b20d-7416-4fea-85e6-69e9a81e55be", "method": "OPTIONS", "path": "/api/items/categories", "status_code": 200, "duration_ms": 0.15926361083984375, "content_length": null, "remote_addr": "127.0.0.1"}}
{"timestamp": "2025-08-27T18:31:27.625475Z", "level": "INFO", "logger": "werkzeug", "message": "127.0.0.1 - - [27/Aug/2025 21:31:27] \"OPTIONS /api/items/categories HTTP/1.1\" 200 -", "module": "_internal", "function": "_log", "line": 97, "thread": 15752, "process": 31528}
{"timestamp": "2025-08-27T18:31:27.929954Z", "level": "INFO", "logger": "app", "message": "Request completed: OPTIONS /api/items/categories - 200 in 0.12ms", "module": "main", "function": "after_request", "line": 63, "thread": 5448, "process": 31528, "request_id": "f3d5ef81-2e28-4a42-8270-4cee38e9733e", "http": {"method": "OPTIONS", "url": "http://localhost:5000/api/items/categories", "remote_addr": "127.0.0.1", "user_agent": "Mozilla/5.0 (Windows NT 10.0; Win64; x64) AppleWebKit/537.36 (KHTML, like Gecko) Chrome/139.0.0.0 Safari/537.36", "content_type": null}, "data": {"request_id": "f3d5ef81-2e28-4a42-8270-4cee38e9733e", "method": "OPTIONS", "path": "/api/items/categories", "status_code": 200, "duration_ms": 0.11706352233886719, "content_length": null, "remote_addr": "127.0.0.1"}}
{"timestamp": "2025-08-27T18:31:27.930998Z", "level": "INFO", "logger": "app", "message": "Request completed: OPTIONS /api/items/ - 200 in 0.17ms", "module": "main", "function": "after_request", "line": 63, "thread": 30276, "process": 31528, "request_id": "0cd0001d-9f84-4dce-86c1-7ef51fb579f7", "http": {"method": "OPTIONS", "url": "http://localhost:5000/api/items/?page=1&amount_per_page=20&filter_by_name=&category=&only_available=false&load_categories=true", "remote_addr": "127.0.0.1", "user_agent": "Mozilla/5.0 (Windows NT 10.0; Win64; x64) AppleWebKit/537.36 (KHTML, like Gecko) Chrome/139.0.0.0 Safari/537.36", "content_type": null}, "data": {"request_id": "0cd0001d-9f84-4dce-86c1-7ef51fb579f7", "method": "OPTIONS", "path": "/api/items/", "status_code": 200, "duration_ms": 0.17261505126953125, "content_length": null, "remote_addr": "127.0.0.1"}}
{"timestamp": "2025-08-27T18:31:27.931739Z", "level": "INFO", "logger": "werkzeug", "message": "127.0.0.1 - - [27/Aug/2025 21:31:27] \"OPTIONS /api/items/categories HTTP/1.1\" 200 -", "module": "_internal", "function": "_log", "line": 97, "thread": 5448, "process": 31528}
{"timestamp": "2025-08-27T18:31:27.933359Z", "level": "INFO", "logger": "werkzeug", "message": "127.0.0.1 - - [27/Aug/2025 21:31:27] \"OPTIONS /api/items/?page=1&amount_per_page=20&filter_by_name=&category=&only_available=false&load_categories=true HTTP/1.1\" 200 -", "module": "_internal", "function": "_log", "line": 97, "thread": 30276, "process": 31528}
{"timestamp": "2025-08-27T18:31:27.933802Z", "level": "INFO", "logger": "app", "message": "Request completed: GET /api/items/categories - 200 in 1.35ms", "module": "main", "function": "after_request", "line": 63, "thread": 24812, "process": 31528, "request_id": "68feac73-d81e-4181-9017-abfff2629a13", "http": {"method": "GET", "url": "http://localhost:5000/api/items/categories", "remote_addr": "127.0.0.1", "user_agent": "Mozilla/5.0 (Windows NT 10.0; Win64; x64) AppleWebKit/537.36 (KHTML, like Gecko) Chrome/139.0.0.0 Safari/537.36", "content_type": null}, "data": {"request_id": "68feac73-d81e-4181-9017-abfff2629a13", "method": "GET", "path": "/api/items/categories", "status_code": 200, "duration_ms": 1.3546943664550781, "content_length": 844, "remote_addr": "127.0.0.1"}}
{"timestamp": "2025-08-27T18:31:27.934752Z", "level": "INFO", "logger": "werkzeug", "message": "127.0.0.1 - - [27/Aug/2025 21:31:27] \"GET /api/items/categories HTTP/1.1\" 200 -", "module": "_internal", "function": "_log", "line": 97, "thread": 24812, "process": 31528}
{"timestamp": "2025-08-27T18:31:28.239559Z", "level": "WARNING", "logger": "app", "message": "Invalid token access attempt: Signature verification failed", "module": "main", "function": "invalid_token_callback", "line": 101, "thread": 18304, "process": 31528, "request_id": "b80a95fd-596f-43b8-b5a2-8c7758074e0d", "http": {"method": "GET", "url": "http://localhost:5000/api/items/?page=1&amount_per_page=20&filter_by_name=&category=&only_available=false&load_categories=true", "remote_addr": "127.0.0.1", "user_agent": "Mozilla/5.0 (Windows NT 10.0; Win64; x64) AppleWebKit/537.36 (KHTML, like Gecko) Chrome/139.0.0.0 Safari/537.36", "content_type": null}}
{"timestamp": "2025-08-27T18:31:28.241233Z", "level": "INFO", "logger": "app", "message": "Request completed: GET /api/items/ - 401 in 1.94ms", "module": "main", "function": "after_request", "line": 63, "thread": 18304, "process": 31528, "request_id": "b80a95fd-596f-43b8-b5a2-8c7758074e0d", "http": {"method": "GET", "url": "http://localhost:5000/api/items/?page=1&amount_per_page=20&filter_by_name=&category=&only_available=false&load_categories=true", "remote_addr": "127.0.0.1", "user_agent": "Mozilla/5.0 (Windows NT 10.0; Win64; x64) AppleWebKit/537.36 (KHTML, like Gecko) Chrome/139.0.0.0 Safari/537.36", "content_type": null}, "data": {"request_id": "b80a95fd-596f-43b8-b5a2-8c7758074e0d", "method": "GET", "path": "/api/items/", "status_code": 401, "duration_ms": 1.9407272338867188, "content_length": 26, "remote_addr": "127.0.0.1"}}
{"timestamp": "2025-08-27T18:31:28.241772Z", "level": "INFO", "logger": "app", "message": "Request completed: GET /api/items/categories - 200 in 1.36ms", "module": "main", "function": "after_request", "line": 63, "thread": 22960, "process": 31528, "request_id": "326ba66b-646b-422e-afb5-27f6fb95ae1f", "http": {"method": "GET", "url": "http://localhost:5000/api/items/categories", "remote_addr": "127.0.0.1", "user_agent": "Mozilla/5.0 (Windows NT 10.0; Win64; x64) AppleWebKit/537.36 (KHTML, like Gecko) Chrome/139.0.0.0 Safari/537.36", "content_type": null}, "data": {"request_id": "326ba66b-646b-422e-afb5-27f6fb95ae1f", "method": "GET", "path": "/api/items/categories", "status_code": 200, "duration_ms": 1.3611316680908203, "content_length": 844, "remote_addr": "127.0.0.1"}}
{"timestamp": "2025-08-27T18:31:28.242147Z", "level": "INFO", "logger": "werkzeug", "message": "127.0.0.1 - - [27/Aug/2025 21:31:28] \"\u001b[31m\u001b[1mGET /api/items/?page=1&amount_per_page=20&filter_by_name=&category=&only_available=false&load_categories=true HTTP/1.1\u001b[0m\" 401 -", "module": "_internal", "function": "_log", "line": 97, "thread": 18304, "process": 31528}
{"timestamp": "2025-08-27T18:31:28.242656Z", "level": "INFO", "logger": "werkzeug", "message": "127.0.0.1 - - [27/Aug/2025 21:31:28] \"GET /api/items/categories HTTP/1.1\" 200 -", "module": "_internal", "function": "_log", "line": 97, "thread": 22960, "process": 31528}
{"timestamp": "2025-08-27T18:44:33.484831Z", "level": "INFO", "logger": "app", "message": "Wedding Planner application starting", "module": "logger_config", "function": "init_app_logging", "line": 447, "thread": 2380, "process": 25344, "data": {"log_level": "INFO", "environment": "development", "python_version": "3.13.3 (tags/v3.13.3:6280bb5, Apr  8 2025, 14:47:33) [MSC v.1943 64 bit (AMD64)]", "cwd": "C:\\Users\\razam\\Desktop\\Wedding\\Server"}}
{"timestamp": "2025-08-27T18:44:33.485738Z", "level": "INFO", "logger": "app", "message": "Creating Flask application in development environment", "module": "main", "function": "create_app", "line": 30, "thread": 2380, "process": 25344}
{"timestamp": "2025-08-27T18:44:33.485988Z", "level": "INFO", "logger": "app", "message": "MongoDB URI configured: mongodb://localhost:27017/wedding_planner", "module": "main", "function": "create_app", "line": 43, "thread": 2380, "process": 25344}
{"timestamp": "2025-08-27T18:44:33.490548Z", "level": "INFO", "logger": "app", "message": "Registering API blueprints", "module": "main", "function": "create_app", "line": 76, "thread": 2380, "process": 25344}
{"timestamp": "2025-08-27T18:44:33.503733Z", "level": "INFO", "logger": "app", "message": "Setting up background scheduler for booking reminders", "module": "main", "function": "create_app", "line": 155, "thread": 2380, "process": 25344}
{"timestamp": "2025-08-27T18:44:33.516306Z", "level": "INFO", "logger": "apscheduler.scheduler", "message": "Adding job tentatively -- it will be properly scheduled when the scheduler starts", "module": "base", "function": "add_job", "line": 507, "thread": 2380, "process": 25344}
{"timestamp": "2025-08-27T18:44:33.517919Z", "level": "INFO", "logger": "apscheduler.scheduler", "message": "Added job \"create_app.<locals>.scheduled_send_booking_return_reminders\" to job store \"default\"", "module": "base", "function": "_real_add_job", "line": 1090, "thread": 2380, "process": 25344}
{"timestamp": "2025-08-27T18:44:33.518249Z", "level": "INFO", "logger": "apscheduler.scheduler", "message": "Scheduler started", "module": "base", "function": "start", "line": 214, "thread": 2380, "process": 25344}
{"timestamp": "2025-08-27T18:44:33.519933Z", "level": "INFO", "logger": "app", "message": "Initializing database and collections", "module": "main", "function": "create_app", "line": 161, "thread": 2380, "process": 25344}
{"timestamp": "2025-08-27T18:44:33.545740Z", "level": "INFO", "logger": "models", "message": "Database initialized successfully with MongoDB", "module": "models", "function": "init_db", "line": 357, "thread": 2380, "process": 25344}
{"timestamp": "2025-08-27T18:44:33.546120Z", "level": "INFO", "logger": "app", "message": "Sending initial booking return reminders", "module": "main", "function": "create_app", "line": 168, "thread": 2380, "process": 25344}
{"timestamp": "2025-08-27T18:44:33.550040Z", "level": "INFO", "logger": "bookings", "message": "Return reminders processing completed", "module": "bookings", "function": "send_booking_return_reminders", "line": 722, "thread": 2380, "process": 25344}
{"timestamp": "2025-08-27T18:44:33.551340Z", "level": "INFO", "logger": "app", "message": "Flask application created successfully", "module": "main", "function": "create_app", "line": 175, "thread": 2380, "process": 25344}
{"timestamp": "2025-08-27T18:44:33.551597Z", "level": "INFO", "logger": "main", "message": "Starting Wedding Planner application on port 5000", "module": "main", "function": "<module>", "line": 184, "thread": 2380, "process": 25344}
{"timestamp": "2025-08-27T18:44:33.580451Z", "level": "INFO", "logger": "werkzeug", "message": "\u001b[31m\u001b[1mWARNING: This is a development server. Do not use it in a production deployment. Use a production WSGI server instead.\u001b[0m\n * Running on all addresses (0.0.0.0)\n * Running on http://127.0.0.1:5000\n * Running on http://192.168.31.182:5000", "module": "_internal", "function": "_log", "line": 97, "thread": 2380, "process": 25344}
{"timestamp": "2025-08-27T18:44:33.580854Z", "level": "INFO", "logger": "werkzeug", "message": "\u001b[33mPress CTRL+C to quit\u001b[0m", "module": "_internal", "function": "_log", "line": 97, "thread": 2380, "process": 25344}
{"timestamp": "2025-08-27T18:44:33.582911Z", "level": "INFO", "logger": "werkzeug", "message": " * Restarting with stat", "module": "_internal", "function": "_log", "line": 97, "thread": 2380, "process": 25344}
{"timestamp": "2025-08-27T18:44:35.148152Z", "level": "INFO", "logger": "app", "message": "Wedding Planner application starting", "module": "logger_config", "function": "init_app_logging", "line": 447, "thread": 4108, "process": 30600, "data": {"log_level": "INFO", "environment": "development", "python_version": "3.13.3 (tags/v3.13.3:6280bb5, Apr  8 2025, 14:47:33) [MSC v.1943 64 bit (AMD64)]", "cwd": "C:\\Users\\razam\\Desktop\\Wedding\\Server"}}
{"timestamp": "2025-08-27T18:44:35.148784Z", "level": "INFO", "logger": "app", "message": "Creating Flask application in development environment", "module": "main", "function": "create_app", "line": 30, "thread": 4108, "process": 30600}
{"timestamp": "2025-08-27T18:44:35.149114Z", "level": "INFO", "logger": "app", "message": "MongoDB URI configured: mongodb://localhost:27017/wedding_planner", "module": "main", "function": "create_app", "line": 43, "thread": 4108, "process": 30600}
{"timestamp": "2025-08-27T18:44:35.151857Z", "level": "INFO", "logger": "app", "message": "Registering API blueprints", "module": "main", "function": "create_app", "line": 76, "thread": 4108, "process": 30600}
{"timestamp": "2025-08-27T18:44:35.166358Z", "level": "INFO", "logger": "app", "message": "Setting up background scheduler for booking reminders", "module": "main", "function": "create_app", "line": 155, "thread": 4108, "process": 30600}
{"timestamp": "2025-08-27T18:44:35.174155Z", "level": "INFO", "logger": "apscheduler.scheduler", "message": "Adding job tentatively -- it will be properly scheduled when the scheduler starts", "module": "base", "function": "add_job", "line": 507, "thread": 4108, "process": 30600}
{"timestamp": "2025-08-27T18:44:35.175833Z", "level": "INFO", "logger": "apscheduler.scheduler", "message": "Added job \"create_app.<locals>.scheduled_send_booking_return_reminders\" to job store \"default\"", "module": "base", "function": "_real_add_job", "line": 1090, "thread": 4108, "process": 30600}
{"timestamp": "2025-08-27T18:44:35.176126Z", "level": "INFO", "logger": "apscheduler.scheduler", "message": "Scheduler started", "module": "base", "function": "start", "line": 214, "thread": 4108, "process": 30600}
{"timestamp": "2025-08-27T18:44:35.177114Z", "level": "INFO", "logger": "app", "message": "Initializing database and collections", "module": "main", "function": "create_app", "line": 161, "thread": 4108, "process": 30600}
{"timestamp": "2025-08-27T18:44:35.213847Z", "level": "INFO", "logger": "models", "message": "Database initialized successfully with MongoDB", "module": "models", "function": "init_db", "line": 357, "thread": 4108, "process": 30600}
{"timestamp": "2025-08-27T18:44:35.214308Z", "level": "INFO", "logger": "app", "message": "Sending initial booking return reminders", "module": "main", "function": "create_app", "line": 168, "thread": 4108, "process": 30600}
{"timestamp": "2025-08-27T18:44:35.215373Z", "level": "INFO", "logger": "bookings", "message": "Return reminders processing completed", "module": "bookings", "function": "send_booking_return_reminders", "line": 722, "thread": 4108, "process": 30600}
{"timestamp": "2025-08-27T18:44:35.215651Z", "level": "INFO", "logger": "app", "message": "Flask application created successfully", "module": "main", "function": "create_app", "line": 175, "thread": 4108, "process": 30600}
{"timestamp": "2025-08-27T18:44:35.215893Z", "level": "INFO", "logger": "main", "message": "Starting Wedding Planner application on port 5000", "module": "main", "function": "<module>", "line": 184, "thread": 4108, "process": 30600}
{"timestamp": "2025-08-27T18:44:35.228276Z", "level": "WARNING", "logger": "werkzeug", "message": " * Debugger is active!", "module": "_internal", "function": "_log", "line": 97, "thread": 4108, "process": 30600}
{"timestamp": "2025-08-27T18:44:35.238600Z", "level": "INFO", "logger": "werkzeug", "message": " * Debugger PIN: 100-052-627", "module": "_internal", "function": "_log", "line": 97, "thread": 4108, "process": 30600}
{"timestamp": "2025-08-27T18:45:00.784363Z", "level": "INFO", "logger": "app", "message": "Request completed: OPTIONS /api/items/categories - 200 in 0.57ms", "module": "main", "function": "after_request", "line": 61, "thread": 29920, "process": 30600, "request_id": "6d284225-a798-4308-ac47-dcb6d3abe980", "http": {"method": "OPTIONS", "url": "http://localhost:5000/api/items/categories", "remote_addr": "127.0.0.1", "user_agent": "Mozilla/5.0 (Windows NT 10.0; Win64; x64) AppleWebKit/537.36 (KHTML, like Gecko) Chrome/139.0.0.0 Safari/537.36", "content_type": null}, "data": {"request_id": "6d284225-a798-4308-ac47-dcb6d3abe980", "method": "OPTIONS", "path": "/api/items/categories", "status_code": 200, "duration_ms": 0.5669593811035156, "content_length": null, "remote_addr": "127.0.0.1"}}
{"timestamp": "2025-08-27T18:45:00.786379Z", "level": "INFO", "logger": "werkzeug", "message": "127.0.0.1 - - [27/Aug/2025 21:45:00] \"OPTIONS /api/items/categories HTTP/1.1\" 200 -", "module": "_internal", "function": "_log", "line": 97, "thread": 29920, "process": 30600}
{"timestamp": "2025-08-27T18:45:00.787420Z", "level": "INFO", "logger": "app", "message": "Request completed: OPTIONS /api/items/categories - 200 in 0.19ms", "module": "main", "function": "after_request", "line": 61, "thread": 22984, "process": 30600, "request_id": "013999bb-b0ef-45ad-934a-94978fd26486", "http": {"method": "OPTIONS", "url": "http://localhost:5000/api/items/categories", "remote_addr": "127.0.0.1", "user_agent": "Mozilla/5.0 (Windows NT 10.0; Win64; x64) AppleWebKit/537.36 (KHTML, like Gecko) Chrome/139.0.0.0 Safari/537.36", "content_type": null}, "data": {"request_id": "013999bb-b0ef-45ad-934a-94978fd26486", "method": "OPTIONS", "path": "/api/items/categories", "status_code": 200, "duration_ms": 0.18858909606933594, "content_length": null, "remote_addr": "127.0.0.1"}}
{"timestamp": "2025-08-27T18:45:00.788866Z", "level": "INFO", "logger": "app", "message": "Request completed: OPTIONS /api/bookings/cart - 200 in 0.13ms", "module": "main", "function": "after_request", "line": 61, "thread": 4304, "process": 30600, "request_id": "85b7416d-fa5b-4697-859a-259cf0e36413", "http": {"method": "OPTIONS", "url": "http://localhost:5000/api/bookings/cart", "remote_addr": "127.0.0.1", "user_agent": "Mozilla/5.0 (Windows NT 10.0; Win64; x64) AppleWebKit/537.36 (KHTML, like Gecko) Chrome/139.0.0.0 Safari/537.36", "content_type": null}, "data": {"request_id": "85b7416d-fa5b-4697-859a-259cf0e36413", "method": "OPTIONS", "path": "/api/bookings/cart", "status_code": 200, "duration_ms": 0.1277923583984375, "content_length": null, "remote_addr": "127.0.0.1"}}
{"timestamp": "2025-08-27T18:45:00.789487Z", "level": "INFO", "logger": "werkzeug", "message": "127.0.0.1 - - [27/Aug/2025 21:45:00] \"OPTIONS /api/items/categories HTTP/1.1\" 200 -", "module": "_internal", "function": "_log", "line": 97, "thread": 22984, "process": 30600}
{"timestamp": "2025-08-27T18:45:00.790209Z", "level": "INFO", "logger": "werkzeug", "message": "127.0.0.1 - - [27/Aug/2025 21:45:00] \"OPTIONS /api/bookings/cart HTTP/1.1\" 200 -", "module": "_internal", "function": "_log", "line": 97, "thread": 4304, "process": 30600}
{"timestamp": "2025-08-27T18:45:00.792293Z", "level": "INFO", "logger": "app", "message": "Request completed: OPTIONS /api/bookings/cart - 200 in 0.15ms", "module": "main", "function": "after_request", "line": 61, "thread": 29788, "process": 30600, "request_id": "94e28b7c-2558-4f4f-b428-91def2f321b7", "http": {"method": "OPTIONS", "url": "http://localhost:5000/api/bookings/cart", "remote_addr": "127.0.0.1", "user_agent": "Mozilla/5.0 (Windows NT 10.0; Win64; x64) AppleWebKit/537.36 (KHTML, like Gecko) Chrome/139.0.0.0 Safari/537.36", "content_type": null}, "data": {"request_id": "94e28b7c-2558-4f4f-b428-91def2f321b7", "method": "OPTIONS", "path": "/api/bookings/cart", "status_code": 200, "duration_ms": 0.1544952392578125, "content_length": null, "remote_addr": "127.0.0.1"}}
{"timestamp": "2025-08-27T18:45:00.796317Z", "level": "INFO", "logger": "werkzeug", "message": "127.0.0.1 - - [27/Aug/2025 21:45:00] \"OPTIONS /api/bookings/cart HTTP/1.1\" 200 -", "module": "_internal", "function": "_log", "line": 97, "thread": 29788, "process": 30600}
{"timestamp": "2025-08-27T18:45:01.048799Z", "level": "INFO", "logger": "app", "message": "Request completed: GET /api/items/categories - 200 in 2.05ms", "module": "main", "function": "after_request", "line": 61, "thread": 32672, "process": 30600, "request_id": "5f5c9ae2-7f3e-474e-bfc5-d0f70f597208", "http": {"method": "GET", "url": "http://localhost:5000/api/items/categories", "remote_addr": "127.0.0.1", "user_agent": "Mozilla/5.0 (Windows NT 10.0; Win64; x64) AppleWebKit/537.36 (KHTML, like Gecko) Chrome/139.0.0.0 Safari/537.36", "content_type": null}, "data": {"request_id": "5f5c9ae2-7f3e-474e-bfc5-d0f70f597208", "method": "GET", "path": "/api/items/categories", "status_code": 200, "duration_ms": 2.050638198852539, "content_length": 844, "remote_addr": "127.0.0.1"}}
{"timestamp": "2025-08-27T18:45:01.049782Z", "level": "INFO", "logger": "werkzeug", "message": "127.0.0.1 - - [27/Aug/2025 21:45:01] \"GET /api/items/categories HTTP/1.1\" 200 -", "module": "_internal", "function": "_log", "line": 97, "thread": 32672, "process": 30600}
{"timestamp": "2025-08-27T18:45:01.095343Z", "level": "WARNING", "logger": "app", "message": "Expired token access attempt: raz.amzaleg@campus.technion.ac.il", "module": "main", "function": "expired_token_callback", "line": 94, "thread": 9372, "process": 30600, "request_id": "22fd7b52-336b-4c41-8f7e-73007d14598a", "http": {"method": "GET", "url": "http://localhost:5000/api/bookings/cart", "remote_addr": "127.0.0.1", "user_agent": "Mozilla/5.0 (Windows NT 10.0; Win64; x64) AppleWebKit/537.36 (KHTML, like Gecko) Chrome/139.0.0.0 Safari/537.36", "content_type": null}}
{"timestamp": "2025-08-27T18:45:01.096045Z", "level": "INFO", "logger": "app", "message": "Request completed: GET /api/bookings/cart - 401 in 2.24ms", "module": "main", "function": "after_request", "line": 61, "thread": 9372, "process": 30600, "request_id": "22fd7b52-336b-4c41-8f7e-73007d14598a", "http": {"method": "GET", "url": "http://localhost:5000/api/bookings/cart", "remote_addr": "127.0.0.1", "user_agent": "Mozilla/5.0 (Windows NT 10.0; Win64; x64) AppleWebKit/537.36 (KHTML, like Gecko) Chrome/139.0.0.0 Safari/537.36", "content_type": null}, "data": {"request_id": "22fd7b52-336b-4c41-8f7e-73007d14598a", "method": "GET", "path": "/api/bookings/cart", "status_code": 401, "duration_ms": 2.242565155029297, "content_length": 26, "remote_addr": "127.0.0.1"}}
{"timestamp": "2025-08-27T18:45:01.096565Z", "level": "INFO", "logger": "werkzeug", "message": "127.0.0.1 - - [27/Aug/2025 21:45:01] \"\u001b[31m\u001b[1mGET /api/bookings/cart HTTP/1.1\u001b[0m\" 401 -", "module": "_internal", "function": "_log", "line": 97, "thread": 9372, "process": 30600}
{"timestamp": "2025-08-27T18:45:01.102500Z", "level": "INFO", "logger": "app", "message": "Request completed: GET /api/items/categories - 200 in 1.86ms", "module": "main", "function": "after_request", "line": 61, "thread": 27800, "process": 30600, "request_id": "fbf7850c-fdf6-4fcf-b3d2-b9df5c7dfdc3", "http": {"method": "GET", "url": "http://localhost:5000/api/items/categories", "remote_addr": "127.0.0.1", "user_agent": "Mozilla/5.0 (Windows NT 10.0; Win64; x64) AppleWebKit/537.36 (KHTML, like Gecko) Chrome/139.0.0.0 Safari/537.36", "content_type": null}, "data": {"request_id": "fbf7850c-fdf6-4fcf-b3d2-b9df5c7dfdc3", "method": "GET", "path": "/api/items/categories", "status_code": 200, "duration_ms": 1.863718032836914, "content_length": 844, "remote_addr": "127.0.0.1"}}
{"timestamp": "2025-08-27T18:45:01.103389Z", "level": "INFO", "logger": "werkzeug", "message": "127.0.0.1 - - [27/Aug/2025 21:45:01] \"GET /api/items/categories HTTP/1.1\" 200 -", "module": "_internal", "function": "_log", "line": 97, "thread": 27800, "process": 30600}
{"timestamp": "2025-08-27T18:45:01.357152Z", "level": "WARNING", "logger": "app", "message": "Expired token access attempt: raz.amzaleg@campus.technion.ac.il", "module": "main", "function": "expired_token_callback", "line": 94, "thread": 248, "process": 30600, "request_id": "dec0c590-f4ea-4542-8b26-9483a154c8a4", "http": {"method": "GET", "url": "http://localhost:5000/api/bookings/cart", "remote_addr": "127.0.0.1", "user_agent": "Mozilla/5.0 (Windows NT 10.0; Win64; x64) AppleWebKit/537.36 (KHTML, like Gecko) Chrome/139.0.0.0 Safari/537.36", "content_type": null}}
{"timestamp": "2025-08-27T18:45:01.357763Z", "level": "INFO", "logger": "app", "message": "Request completed: GET /api/bookings/cart - 401 in 0.89ms", "module": "main", "function": "after_request", "line": 61, "thread": 248, "process": 30600, "request_id": "dec0c590-f4ea-4542-8b26-9483a154c8a4", "http": {"method": "GET", "url": "http://localhost:5000/api/bookings/cart", "remote_addr": "127.0.0.1", "user_agent": "Mozilla/5.0 (Windows NT 10.0; Win64; x64) AppleWebKit/537.36 (KHTML, like Gecko) Chrome/139.0.0.0 Safari/537.36", "content_type": null}, "data": {"request_id": "dec0c590-f4ea-4542-8b26-9483a154c8a4", "method": "GET", "path": "/api/bookings/cart", "status_code": 401, "duration_ms": 0.8914470672607422, "content_length": 26, "remote_addr": "127.0.0.1"}}
{"timestamp": "2025-08-27T18:45:01.358207Z", "level": "INFO", "logger": "werkzeug", "message": "127.0.0.1 - - [27/Aug/2025 21:45:01] \"\u001b[31m\u001b[1mGET /api/bookings/cart HTTP/1.1\u001b[0m\" 401 -", "module": "_internal", "function": "_log", "line": 97, "thread": 248, "process": 30600}
{"timestamp": "2025-08-27T18:45:01.404043Z", "level": "INFO", "logger": "app", "message": "Request completed: OPTIONS /api/auth/refresh - 200 in 0.17ms", "module": "main", "function": "after_request", "line": 61, "thread": 8164, "process": 30600, "request_id": "68f798df-aced-4955-8474-6ce30b3de211", "http": {"method": "OPTIONS", "url": "http://localhost:5000/api/auth/refresh", "remote_addr": "127.0.0.1", "user_agent": "Mozilla/5.0 (Windows NT 10.0; Win64; x64) AppleWebKit/537.36 (KHTML, like Gecko) Chrome/139.0.0.0 Safari/537.36", "content_type": null}, "data": {"request_id": "68f798df-aced-4955-8474-6ce30b3de211", "method": "OPTIONS", "path": "/api/auth/refresh", "status_code": 200, "duration_ms": 0.17404556274414062, "content_length": null, "remote_addr": "127.0.0.1"}}
{"timestamp": "2025-08-27T18:45:01.405830Z", "level": "INFO", "logger": "werkzeug", "message": "127.0.0.1 - - [27/Aug/2025 21:45:01] \"OPTIONS /api/auth/refresh HTTP/1.1\" 200 -", "module": "_internal", "function": "_log", "line": 97, "thread": 8164, "process": 30600}
{"timestamp": "2025-08-27T18:45:01.418554Z", "level": "WARNING", "logger": "app", "message": "Expired token access attempt: raz.amzaleg@campus.technion.ac.il", "module": "main", "function": "expired_token_callback", "line": 94, "thread": 23808, "process": 30600, "request_id": "55bbedea-348d-497d-baab-4996cc190812", "http": {"method": "POST", "url": "http://localhost:5000/api/auth/refresh", "remote_addr": "127.0.0.1", "user_agent": "Mozilla/5.0 (Windows NT 10.0; Win64; x64) AppleWebKit/537.36 (KHTML, like Gecko) Chrome/139.0.0.0 Safari/537.36", "content_type": "application/json"}}
{"timestamp": "2025-08-27T18:45:01.419195Z", "level": "INFO", "logger": "app", "message": "Request completed: POST /api/auth/refresh - 401 in 0.89ms", "module": "main", "function": "after_request", "line": 61, "thread": 23808, "process": 30600, "request_id": "55bbedea-348d-497d-baab-4996cc190812", "http": {"method": "POST", "url": "http://localhost:5000/api/auth/refresh", "remote_addr": "127.0.0.1", "user_agent": "Mozilla/5.0 (Windows NT 10.0; Win64; x64) AppleWebKit/537.36 (KHTML, like Gecko) Chrome/139.0.0.0 Safari/537.36", "content_type": "application/json"}, "data": {"request_id": "55bbedea-348d-497d-baab-4996cc190812", "method": "POST", "path": "/api/auth/refresh", "status_code": 401, "duration_ms": 0.8947849273681641, "content_length": 26, "remote_addr": "127.0.0.1"}}
{"timestamp": "2025-08-27T18:45:01.419664Z", "level": "INFO", "logger": "werkzeug", "message": "127.0.0.1 - - [27/Aug/2025 21:45:01] \"\u001b[31m\u001b[1mPOST /api/auth/refresh HTTP/1.1\u001b[0m\" 401 -", "module": "_internal", "function": "_log", "line": 97, "thread": 23808, "process": 30600}
{"timestamp": "2025-08-27T18:45:01.980850Z", "level": "INFO", "logger": "app", "message": "Request completed: GET /api/items/categories - 200 in 1.55ms", "module": "main", "function": "after_request", "line": 61, "thread": 24464, "process": 30600, "request_id": "e7a32277-d808-49d8-b5da-519dfb83b8d6", "http": {"method": "GET", "url": "http://localhost:5000/api/items/categories", "remote_addr": "127.0.0.1", "user_agent": "Mozilla/5.0 (Windows NT 10.0; Win64; x64) AppleWebKit/537.36 (KHTML, like Gecko) Chrome/139.0.0.0 Safari/537.36", "content_type": null}, "data": {"request_id": "e7a32277-d808-49d8-b5da-519dfb83b8d6", "method": "GET", "path": "/api/items/categories", "status_code": 200, "duration_ms": 1.5544891357421875, "content_length": 844, "remote_addr": "127.0.0.1"}}
{"timestamp": "2025-08-27T18:45:01.981942Z", "level": "INFO", "logger": "werkzeug", "message": "127.0.0.1 - - [27/Aug/2025 21:45:01] \"GET /api/items/categories HTTP/1.1\" 200 -", "module": "_internal", "function": "_log", "line": 97, "thread": 24464, "process": 30600}
{"timestamp": "2025-08-27T18:45:02.303421Z", "level": "INFO", "logger": "app", "message": "Request completed: GET /api/items/categories - 200 in 4.73ms", "module": "main", "function": "after_request", "line": 61, "thread": 25492, "process": 30600, "request_id": "3aa1146f-761c-4d50-b57d-31e421466b14", "http": {"method": "GET", "url": "http://localhost:5000/api/items/categories", "remote_addr": "127.0.0.1", "user_agent": "Mozilla/5.0 (Windows NT 10.0; Win64; x64) AppleWebKit/537.36 (KHTML, like Gecko) Chrome/139.0.0.0 Safari/537.36", "content_type": null}, "data": {"request_id": "3aa1146f-761c-4d50-b57d-31e421466b14", "method": "GET", "path": "/api/items/categories", "status_code": 200, "duration_ms": 4.725456237792969, "content_length": 844, "remote_addr": "127.0.0.1"}}
{"timestamp": "2025-08-27T18:45:02.304310Z", "level": "INFO", "logger": "werkzeug", "message": "127.0.0.1 - - [27/Aug/2025 21:45:02] \"GET /api/items/categories HTTP/1.1\" 200 -", "module": "_internal", "function": "_log", "line": 97, "thread": 25492, "process": 30600}
{"timestamp": "2025-08-27T18:45:02.335586Z", "level": "INFO", "logger": "app", "message": "Request completed: GET /api/items/ - 200 in 52.98ms", "module": "main", "function": "after_request", "line": 61, "thread": 31412, "process": 30600, "request_id": "8f10a901-0a0e-44e9-80c3-cf92731da9cf", "http": {"method": "GET", "url": "http://localhost:5000/api/items/?page=1&amount_per_page=20&filter_by_name=&category=&only_available=false&load_categories=true", "remote_addr": "127.0.0.1", "user_agent": "Mozilla/5.0 (Windows NT 10.0; Win64; x64) AppleWebKit/537.36 (KHTML, like Gecko) Chrome/139.0.0.0 Safari/537.36", "content_type": null}, "data": {"request_id": "8f10a901-0a0e-44e9-80c3-cf92731da9cf", "method": "GET", "path": "/api/items/", "status_code": 200, "duration_ms": 52.982330322265625, "content_length": 932, "remote_addr": "127.0.0.1"}}
{"timestamp": "2025-08-27T18:45:02.336574Z", "level": "INFO", "logger": "werkzeug", "message": "127.0.0.1 - - [27/Aug/2025 21:45:02] \"GET /api/items/?page=1&amount_per_page=20&filter_by_name=&category=&only_available=false&load_categories=true HTTP/1.1\" 200 -", "module": "_internal", "function": "_log", "line": 97, "thread": 31412, "process": 30600}
{"timestamp": "2025-08-27T18:45:05.855584Z", "level": "INFO", "logger": "app", "message": "Unauthorized access attempt to /api/bookings/my-bookings", "module": "main", "function": "missing_token_callback", "line": 104, "thread": 24052, "process": 30600, "request_id": "3c207370-2868-44c5-8928-a63578eece4b", "http": {"method": "GET", "url": "http://localhost:5000/api/bookings/my-bookings?page=1&per_page=20&direction=asc", "remote_addr": "127.0.0.1", "user_agent": "Mozilla/5.0 (Windows NT 10.0; Win64; x64) AppleWebKit/537.36 (KHTML, like Gecko) Chrome/139.0.0.0 Safari/537.36", "content_type": null}}
{"timestamp": "2025-08-27T18:45:05.856266Z", "level": "INFO", "logger": "app", "message": "Request completed: GET /api/bookings/my-bookings - 401 in 0.77ms", "module": "main", "function": "after_request", "line": 61, "thread": 24052, "process": 30600, "request_id": "3c207370-2868-44c5-8928-a63578eece4b", "http": {"method": "GET", "url": "http://localhost:5000/api/bookings/my-bookings?page=1&per_page=20&direction=asc", "remote_addr": "127.0.0.1", "user_agent": "Mozilla/5.0 (Windows NT 10.0; Win64; x64) AppleWebKit/537.36 (KHTML, like Gecko) Chrome/139.0.0.0 Safari/537.36", "content_type": null}, "data": {"request_id": "3c207370-2868-44c5-8928-a63578eece4b", "method": "GET", "path": "/api/bookings/my-bookings", "status_code": 401, "duration_ms": 0.7715225219726562, "content_length": 26, "remote_addr": "127.0.0.1"}}
{"timestamp": "2025-08-27T18:45:05.856780Z", "level": "INFO", "logger": "werkzeug", "message": "127.0.0.1 - - [27/Aug/2025 21:45:05] \"\u001b[31m\u001b[1mGET /api/bookings/my-bookings?page=1&per_page=20&direction=asc HTTP/1.1\u001b[0m\" 401 -", "module": "_internal", "function": "_log", "line": 97, "thread": 24052, "process": 30600}
{"timestamp": "2025-08-27T18:45:08.696941Z", "level": "INFO", "logger": "app", "message": "Request completed: GET /api/items/categories - 200 in 1.57ms", "module": "main", "function": "after_request", "line": 61, "thread": 31380, "process": 30600, "request_id": "168e9cff-576b-4b28-8b04-61eeb2b24247", "http": {"method": "GET", "url": "http://localhost:5000/api/items/categories", "remote_addr": "127.0.0.1", "user_agent": "Mozilla/5.0 (Windows NT 10.0; Win64; x64) AppleWebKit/537.36 (KHTML, like Gecko) Chrome/139.0.0.0 Safari/537.36", "content_type": null}, "data": {"request_id": "168e9cff-576b-4b28-8b04-61eeb2b24247", "method": "GET", "path": "/api/items/categories", "status_code": 200, "duration_ms": 1.5702247619628906, "content_length": 844, "remote_addr": "127.0.0.1"}}
{"timestamp": "2025-08-27T18:45:08.697825Z", "level": "INFO", "logger": "werkzeug", "message": "127.0.0.1 - - [27/Aug/2025 21:45:08] \"GET /api/items/categories HTTP/1.1\" 200 -", "module": "_internal", "function": "_log", "line": 97, "thread": 31380, "process": 30600}
{"timestamp": "2025-08-27T18:45:09.001614Z", "level": "INFO", "logger": "app", "message": "Request completed: GET /api/items/ - 200 in 4.28ms", "module": "main", "function": "after_request", "line": 61, "thread": 2180, "process": 30600, "request_id": "56615fd3-3baa-477f-b245-043167e790ff", "http": {"method": "GET", "url": "http://localhost:5000/api/items/?page=1&amount_per_page=20&filter_by_name=&category=&only_available=false&load_categories=true", "remote_addr": "127.0.0.1", "user_agent": "Mozilla/5.0 (Windows NT 10.0; Win64; x64) AppleWebKit/537.36 (KHTML, like Gecko) Chrome/139.0.0.0 Safari/537.36", "content_type": null}, "data": {"request_id": "56615fd3-3baa-477f-b245-043167e790ff", "method": "GET", "path": "/api/items/", "status_code": 200, "duration_ms": 4.27556037902832, "content_length": 932, "remote_addr": "127.0.0.1"}}
{"timestamp": "2025-08-27T18:45:09.003594Z", "level": "INFO", "logger": "werkzeug", "message": "127.0.0.1 - - [27/Aug/2025 21:45:09] \"GET /api/items/?page=1&amount_per_page=20&filter_by_name=&category=&only_available=false&load_categories=true HTTP/1.1\" 200 -", "module": "_internal", "function": "_log", "line": 97, "thread": 2180, "process": 30600}
{"timestamp": "2025-08-27T18:45:09.015052Z", "level": "INFO", "logger": "app", "message": "Request completed: GET /api/items/categories - 200 in 4.16ms", "module": "main", "function": "after_request", "line": 61, "thread": 31112, "process": 30600, "request_id": "83f27896-419f-4dfc-a47e-a72ab016be1e", "http": {"method": "GET", "url": "http://localhost:5000/api/items/categories", "remote_addr": "127.0.0.1", "user_agent": "Mozilla/5.0 (Windows NT 10.0; Win64; x64) AppleWebKit/537.36 (KHTML, like Gecko) Chrome/139.0.0.0 Safari/537.36", "content_type": null}, "data": {"request_id": "83f27896-419f-4dfc-a47e-a72ab016be1e", "method": "GET", "path": "/api/items/categories", "status_code": 200, "duration_ms": 4.156351089477539, "content_length": 844, "remote_addr": "127.0.0.1"}}
{"timestamp": "2025-08-27T18:45:09.015986Z", "level": "INFO", "logger": "werkzeug", "message": "127.0.0.1 - - [27/Aug/2025 21:45:09] \"GET /api/items/categories HTTP/1.1\" 200 -", "module": "_internal", "function": "_log", "line": 97, "thread": 31112, "process": 30600}
{"timestamp": "2025-08-27T18:45:14.035961Z", "level": "INFO", "logger": "app", "message": "Request completed: GET /api/items/categories - 200 in 1.90ms", "module": "main", "function": "after_request", "line": 61, "thread": 24168, "process": 30600, "request_id": "d568f35b-c43b-4fd5-8939-8643f6315746", "http": {"method": "GET", "url": "http://localhost:5000/api/items/categories", "remote_addr": "127.0.0.1", "user_agent": "Mozilla/5.0 (Windows NT 10.0; Win64; x64) AppleWebKit/537.36 (KHTML, like Gecko) Chrome/139.0.0.0 Safari/537.36", "content_type": null}, "data": {"request_id": "d568f35b-c43b-4fd5-8939-8643f6315746", "method": "GET", "path": "/api/items/categories", "status_code": 200, "duration_ms": 1.8954277038574219, "content_length": 844, "remote_addr": "127.0.0.1"}}
{"timestamp": "2025-08-27T18:45:14.036823Z", "level": "INFO", "logger": "werkzeug", "message": "127.0.0.1 - - [27/Aug/2025 21:45:14] \"GET /api/items/categories HTTP/1.1\" 200 -", "module": "_internal", "function": "_log", "line": 97, "thread": 24168, "process": 30600}
{"timestamp": "2025-08-27T18:45:14.039066Z", "level": "INFO", "logger": "app", "message": "Request completed: GET /api/items/ - 200 in 4.43ms", "module": "main", "function": "after_request", "line": 61, "thread": 27356, "process": 30600, "request_id": "a0bc19b4-75c6-4caf-8ab1-13f3232e7b66", "http": {"method": "GET", "url": "http://localhost:5000/api/items/?page=1&amount_per_page=20&filter_by_name=&category=&only_available=false&load_categories=true", "remote_addr": "127.0.0.1", "user_agent": "Mozilla/5.0 (Windows NT 10.0; Win64; x64) AppleWebKit/537.36 (KHTML, like Gecko) Chrome/139.0.0.0 Safari/537.36", "content_type": null}, "data": {"request_id": "a0bc19b4-75c6-4caf-8ab1-13f3232e7b66", "method": "GET", "path": "/api/items/", "status_code": 200, "duration_ms": 4.430055618286133, "content_length": 932, "remote_addr": "127.0.0.1"}}
{"timestamp": "2025-08-27T18:45:14.040522Z", "level": "INFO", "logger": "werkzeug", "message": "127.0.0.1 - - [27/Aug/2025 21:45:14] \"GET /api/items/?page=1&amount_per_page=20&filter_by_name=&category=&only_available=false&load_categories=true HTTP/1.1\" 200 -", "module": "_internal", "function": "_log", "line": 97, "thread": 27356, "process": 30600}
{"timestamp": "2025-08-27T18:45:14.296015Z", "level": "INFO", "logger": "app", "message": "Request completed: GET /api/items/categories - 200 in 1.37ms", "module": "main", "function": "after_request", "line": 61, "thread": 32560, "process": 30600, "request_id": "16f321fd-d248-450d-afec-cf8683db68bb", "http": {"method": "GET", "url": "http://localhost:5000/api/items/categories", "remote_addr": "127.0.0.1", "user_agent": "Mozilla/5.0 (Windows NT 10.0; Win64; x64) AppleWebKit/537.36 (KHTML, like Gecko) Chrome/139.0.0.0 Safari/537.36", "content_type": null}, "data": {"request_id": "16f321fd-d248-450d-afec-cf8683db68bb", "method": "GET", "path": "/api/items/categories", "status_code": 200, "duration_ms": 1.3728141784667969, "content_length": 844, "remote_addr": "127.0.0.1"}}
{"timestamp": "2025-08-27T18:45:14.296883Z", "level": "INFO", "logger": "werkzeug", "message": "127.0.0.1 - - [27/Aug/2025 21:45:14] \"GET /api/items/categories HTTP/1.1\" 200 -", "module": "_internal", "function": "_log", "line": 97, "thread": 32560, "process": 30600}
{"timestamp": "2025-08-27T18:45:16.853004Z", "level": "INFO", "logger": "app", "message": "Request completed: GET / - 200 in 3.23ms", "module": "main", "function": "after_request", "line": 61, "thread": 30800, "process": 30600, "request_id": "7925e9e8-f439-4477-b959-92c9d1036b96", "http": {"method": "GET", "url": "http://localhost:5000/", "remote_addr": "127.0.0.1", "user_agent": "curl/8.14.1", "content_type": null}, "data": {"request_id": "7925e9e8-f439-4477-b959-92c9d1036b96", "method": "GET", "path": "/", "status_code": 200, "duration_ms": 3.232717514038086, "content_length": 663, "remote_addr": "127.0.0.1"}}
{"timestamp": "2025-08-27T18:45:16.853925Z", "level": "INFO", "logger": "werkzeug", "message": "127.0.0.1 - - [27/Aug/2025 21:45:16] \"GET / HTTP/1.1\" 200 -", "module": "_internal", "function": "_log", "line": 97, "thread": 30800, "process": 30600}
{"timestamp": "2025-08-27T18:45:24.499954Z", "level": "INFO", "logger": "app", "message": "Request completed: GET / - 200 in 0.71ms", "module": "main", "function": "after_request", "line": 61, "thread": 26608, "process": 30600, "request_id": "f586c4b4-4f1f-48ee-bc75-0a91216e06e8", "http": {"method": "GET", "url": "http://localhost:5000/", "remote_addr": "127.0.0.1", "user_agent": "Mozilla/5.0 (Windows NT 10.0; Microsoft Windows 10.0.26100; en-IL) PowerShell/7.5.2", "content_type": null}, "data": {"request_id": "f586c4b4-4f1f-48ee-bc75-0a91216e06e8", "method": "GET", "path": "/", "status_code": 200, "duration_ms": 0.7116794586181641, "content_length": 663, "remote_addr": "127.0.0.1"}}
{"timestamp": "2025-08-27T18:45:24.501530Z", "level": "INFO", "logger": "werkzeug", "message": "127.0.0.1 - - [27/Aug/2025 21:45:24] \"GET / HTTP/1.1\" 200 -", "module": "_internal", "function": "_log", "line": 97, "thread": 26608, "process": 30600}
{"timestamp": "2025-08-27T18:45:33.101493Z", "level": "INFO", "logger": "app", "message": "Request completed: GET /api/items/categories - 200 in 1.61ms", "module": "main", "function": "after_request", "line": 61, "thread": 13488, "process": 30600, "request_id": "47022e99-fa56-458e-8563-4fdea01fbebb", "http": {"method": "GET", "url": "http://localhost:5000/api/items/categories", "remote_addr": "127.0.0.1", "user_agent": "Mozilla/5.0 (Windows NT 10.0; Microsoft Windows 10.0.26100; en-IL) PowerShell/7.5.2", "content_type": null}, "data": {"request_id": "47022e99-fa56-458e-8563-4fdea01fbebb", "method": "GET", "path": "/api/items/categories", "status_code": 200, "duration_ms": 1.6064643859863281, "content_length": 844, "remote_addr": "127.0.0.1"}}
{"timestamp": "2025-08-27T18:45:33.102231Z", "level": "INFO", "logger": "werkzeug", "message": "127.0.0.1 - - [27/Aug/2025 21:45:33] \"GET /api/items/categories HTTP/1.1\" 200 -", "module": "_internal", "function": "_log", "line": 97, "thread": 13488, "process": 30600}
{"timestamp": "2025-08-27T18:45:55.001472Z", "level": "INFO", "logger": "app", "message": "Request completed: GET /api/items/categories - 200 in 1.61ms", "module": "main", "function": "after_request", "line": 61, "thread": 21756, "process": 30600, "request_id": "6ef66400-d030-4f87-9116-a8a9637e9b06", "http": {"method": "GET", "url": "http://localhost:5000/api/items/categories", "remote_addr": "127.0.0.1", "user_agent": "Mozilla/5.0 (Windows NT 10.0; Win64; x64) AppleWebKit/537.36 (KHTML, like Gecko) Chrome/139.0.0.0 Safari/537.36", "content_type": null}, "data": {"request_id": "6ef66400-d030-4f87-9116-a8a9637e9b06", "method": "GET", "path": "/api/items/categories", "status_code": 200, "duration_ms": 1.60980224609375, "content_length": 844, "remote_addr": "127.0.0.1"}}
{"timestamp": "2025-08-27T18:45:55.002352Z", "level": "INFO", "logger": "werkzeug", "message": "127.0.0.1 - - [27/Aug/2025 21:45:55] \"GET /api/items/categories HTTP/1.1\" 200 -", "module": "_internal", "function": "_log", "line": 97, "thread": 21756, "process": 30600}
{"timestamp": "2025-08-27T18:45:55.315619Z", "level": "INFO", "logger": "app", "message": "Request completed: GET /api/items/categories - 200 in 1.61ms", "module": "main", "function": "after_request", "line": 61, "thread": 30924, "process": 30600, "request_id": "231458c7-02d1-484e-bee0-c73a06ed75b2", "http": {"method": "GET", "url": "http://localhost:5000/api/items/categories", "remote_addr": "127.0.0.1", "user_agent": "Mozilla/5.0 (Windows NT 10.0; Win64; x64) AppleWebKit/537.36 (KHTML, like Gecko) Chrome/139.0.0.0 Safari/537.36", "content_type": null}, "data": {"request_id": "231458c7-02d1-484e-bee0-c73a06ed75b2", "method": "GET", "path": "/api/items/categories", "status_code": 200, "duration_ms": 1.6102790832519531, "content_length": 844, "remote_addr": "127.0.0.1"}}
{"timestamp": "2025-08-27T18:45:55.316656Z", "level": "INFO", "logger": "werkzeug", "message": "127.0.0.1 - - [27/Aug/2025 21:45:55] \"GET /api/items/categories HTTP/1.1\" 200 -", "module": "_internal", "function": "_log", "line": 97, "thread": 30924, "process": 30600}
{"timestamp": "2025-08-27T18:45:55.317079Z", "level": "INFO", "logger": "app", "message": "Request completed: GET /api/items/ - 200 in 5.20ms", "module": "main", "function": "after_request", "line": 61, "thread": 4328, "process": 30600, "request_id": "90e1506e-f0a4-4ab0-9072-299658bde7fb", "http": {"method": "GET", "url": "http://localhost:5000/api/items/?page=1&amount_per_page=20&filter_by_name=&category=&only_available=false&load_categories=true", "remote_addr": "127.0.0.1", "user_agent": "Mozilla/5.0 (Windows NT 10.0; Win64; x64) AppleWebKit/537.36 (KHTML, like Gecko) Chrome/139.0.0.0 Safari/537.36", "content_type": null}, "data": {"request_id": "90e1506e-f0a4-4ab0-9072-299658bde7fb", "method": "GET", "path": "/api/items/", "status_code": 200, "duration_ms": 5.202770233154297, "content_length": 932, "remote_addr": "127.0.0.1"}}
{"timestamp": "2025-08-27T18:45:55.317744Z", "level": "INFO", "logger": "werkzeug", "message": "127.0.0.1 - - [27/Aug/2025 21:45:55] \"GET /api/items/?page=1&amount_per_page=20&filter_by_name=&category=&only_available=false&load_categories=true HTTP/1.1\" 200 -", "module": "_internal", "function": "_log", "line": 97, "thread": 4328, "process": 30600}
{"timestamp": "2025-08-27T18:47:41.620014Z", "level": "WARNING", "logger": "app", "message": "Invalid token access attempt: Not enough segments", "module": "main", "function": "invalid_token_callback", "line": 99, "thread": 19536, "process": 30600, "request_id": "d065f03c-4ce5-4cd5-9e50-f28652d20b25", "http": {"method": "GET", "url": "http://localhost:5000/api/items/", "remote_addr": "127.0.0.1", "user_agent": "Mozilla/5.0 (Windows NT 10.0; Microsoft Windows 10.0.26100; en-IL) PowerShell/7.5.2", "content_type": null}}
{"timestamp": "2025-08-27T18:47:41.620655Z", "level": "INFO", "logger": "app", "message": "Request completed: GET /api/items/ - 401 in 0.76ms", "module": "main", "function": "after_request", "line": 61, "thread": 19536, "process": 30600, "request_id": "d065f03c-4ce5-4cd5-9e50-f28652d20b25", "http": {"method": "GET", "url": "http://localhost:5000/api/items/", "remote_addr": "127.0.0.1", "user_agent": "Mozilla/5.0 (Windows NT 10.0; Microsoft Windows 10.0.26100; en-IL) PowerShell/7.5.2", "content_type": null}, "data": {"request_id": "d065f03c-4ce5-4cd5-9e50-f28652d20b25", "method": "GET", "path": "/api/items/", "status_code": 401, "duration_ms": 0.7574558258056641, "content_length": 26, "remote_addr": "127.0.0.1"}}
{"timestamp": "2025-08-27T18:47:41.621133Z", "level": "INFO", "logger": "werkzeug", "message": "127.0.0.1 - - [27/Aug/2025 21:47:41] \"\u001b[31m\u001b[1mGET /api/items/ HTTP/1.1\u001b[0m\" 401 -", "module": "_internal", "function": "_log", "line": 97, "thread": 19536, "process": 30600}
{"timestamp": "2025-08-27T18:47:52.811444Z", "level": "INFO", "logger": "app", "message": "Request completed: GET /api/items/categories - 200 in 1.38ms", "module": "main", "function": "after_request", "line": 61, "thread": 25856, "process": 30600, "request_id": "6383f8bc-b000-4934-80b9-b9e3b4b0061a", "http": {"method": "GET", "url": "http://localhost:5000/api/items/categories", "remote_addr": "127.0.0.1", "user_agent": "Mozilla/5.0 (Windows NT 10.0; Microsoft Windows 10.0.26100; en-IL) PowerShell/7.5.2", "content_type": null}, "data": {"request_id": "6383f8bc-b000-4934-80b9-b9e3b4b0061a", "method": "GET", "path": "/api/items/categories", "status_code": 200, "duration_ms": 1.3780593872070312, "content_length": 844, "remote_addr": "127.0.0.1"}}
{"timestamp": "2025-08-27T18:47:52.812562Z", "level": "INFO", "logger": "werkzeug", "message": "127.0.0.1 - - [27/Aug/2025 21:47:52] \"GET /api/items/categories HTTP/1.1\" 200 -", "module": "_internal", "function": "_log", "line": 97, "thread": 25856, "process": 30600}
{"timestamp": "2025-08-27T18:50:37.848967Z", "level": "INFO", "logger": "werkzeug", "message": " * Detected change in 'C:\\\\Users\\\\razam\\\\Desktop\\\\Wedding\\\\Server\\\\mongodb_lab.py', reloading", "module": "_internal", "function": "_log", "line": 97, "thread": 4108, "process": 30600}
{"timestamp": "2025-08-27T18:50:37.850138Z", "level": "INFO", "logger": "apscheduler.scheduler", "message": "Scheduler has been shut down", "module": "base", "function": "shutdown", "line": 245, "thread": 4108, "process": 30600}
{"timestamp": "2025-08-27T18:50:38.623719Z", "level": "INFO", "logger": "werkzeug", "message": " * Restarting with stat", "module": "_internal", "function": "_log", "line": 97, "thread": 2380, "process": 25344}
{"timestamp": "2025-08-27T18:50:40.466816Z", "level": "INFO", "logger": "app", "message": "Wedding Planner application starting", "module": "logger_config", "function": "init_app_logging", "line": 447, "thread": 14148, "process": 9284, "data": {"log_level": "INFO", "environment": "development", "python_version": "3.13.3 (tags/v3.13.3:6280bb5, Apr  8 2025, 14:47:33) [MSC v.1943 64 bit (AMD64)]", "cwd": "C:\\Users\\razam\\Desktop\\Wedding\\Server"}}
{"timestamp": "2025-08-27T18:50:40.467435Z", "level": "INFO", "logger": "app", "message": "Creating Flask application in development environment", "module": "main", "function": "create_app", "line": 30, "thread": 14148, "process": 9284}
{"timestamp": "2025-08-27T18:50:40.467793Z", "level": "INFO", "logger": "app", "message": "MongoDB URI configured: mongodb://localhost:27017/wedding_planner", "module": "main", "function": "create_app", "line": 43, "thread": 14148, "process": 9284}
{"timestamp": "2025-08-27T18:50:40.471596Z", "level": "INFO", "logger": "app", "message": "Registering API blueprints", "module": "main", "function": "create_app", "line": 76, "thread": 14148, "process": 9284}
{"timestamp": "2025-08-27T18:50:40.488496Z", "level": "INFO", "logger": "app", "message": "Setting up background scheduler for booking reminders", "module": "main", "function": "create_app", "line": 155, "thread": 14148, "process": 9284}
{"timestamp": "2025-08-27T18:50:40.495785Z", "level": "INFO", "logger": "apscheduler.scheduler", "message": "Adding job tentatively -- it will be properly scheduled when the scheduler starts", "module": "base", "function": "add_job", "line": 507, "thread": 14148, "process": 9284}
{"timestamp": "2025-08-27T18:50:40.497462Z", "level": "INFO", "logger": "apscheduler.scheduler", "message": "Added job \"create_app.<locals>.scheduled_send_booking_return_reminders\" to job store \"default\"", "module": "base", "function": "_real_add_job", "line": 1090, "thread": 14148, "process": 9284}
{"timestamp": "2025-08-27T18:50:40.497717Z", "level": "INFO", "logger": "apscheduler.scheduler", "message": "Scheduler started", "module": "base", "function": "start", "line": 214, "thread": 14148, "process": 9284}
{"timestamp": "2025-08-27T18:50:40.498653Z", "level": "INFO", "logger": "app", "message": "Initializing database and collections", "module": "main", "function": "create_app", "line": 161, "thread": 14148, "process": 9284}
{"timestamp": "2025-08-27T18:50:40.530365Z", "level": "INFO", "logger": "models", "message": "Database initialized successfully with MongoDB", "module": "models", "function": "init_db", "line": 357, "thread": 14148, "process": 9284}
{"timestamp": "2025-08-27T18:50:40.530772Z", "level": "INFO", "logger": "app", "message": "Sending initial booking return reminders", "module": "main", "function": "create_app", "line": 168, "thread": 14148, "process": 9284}
{"timestamp": "2025-08-27T18:50:40.531532Z", "level": "INFO", "logger": "bookings", "message": "Return reminders processing completed", "module": "bookings", "function": "send_booking_return_reminders", "line": 722, "thread": 14148, "process": 9284}
{"timestamp": "2025-08-27T18:50:40.531785Z", "level": "INFO", "logger": "app", "message": "Flask application created successfully", "module": "main", "function": "create_app", "line": 175, "thread": 14148, "process": 9284}
{"timestamp": "2025-08-27T18:50:40.531974Z", "level": "INFO", "logger": "main", "message": "Starting Wedding Planner application on port 5000", "module": "main", "function": "<module>", "line": 184, "thread": 14148, "process": 9284}
{"timestamp": "2025-08-27T18:50:40.544345Z", "level": "WARNING", "logger": "werkzeug", "message": " * Debugger is active!", "module": "_internal", "function": "_log", "line": 97, "thread": 14148, "process": 9284}
{"timestamp": "2025-08-27T18:50:40.548342Z", "level": "INFO", "logger": "werkzeug", "message": " * Debugger PIN: 100-052-627", "module": "_internal", "function": "_log", "line": 97, "thread": 14148, "process": 9284}
{"timestamp": "2025-08-27T18:51:26.842800Z", "level": "INFO", "logger": "werkzeug", "message": " * Detected change in 'C:\\\\Users\\\\razam\\\\Desktop\\\\Wedding\\\\Server\\\\mongodb_advanced_lab.py', reloading", "module": "_internal", "function": "_log", "line": 97, "thread": 14148, "process": 9284}
{"timestamp": "2025-08-27T18:51:26.843622Z", "level": "INFO", "logger": "apscheduler.scheduler", "message": "Scheduler has been shut down", "module": "base", "function": "shutdown", "line": 245, "thread": 14148, "process": 9284}
{"timestamp": "2025-08-27T18:51:27.468498Z", "level": "INFO", "logger": "werkzeug", "message": " * Restarting with stat", "module": "_internal", "function": "_log", "line": 97, "thread": 2380, "process": 25344}
{"timestamp": "2025-08-27T18:51:29.159863Z", "level": "INFO", "logger": "app", "message": "Wedding Planner application starting", "module": "logger_config", "function": "init_app_logging", "line": 447, "thread": 30568, "process": 28860, "data": {"log_level": "INFO", "environment": "development", "python_version": "3.13.3 (tags/v3.13.3:6280bb5, Apr  8 2025, 14:47:33) [MSC v.1943 64 bit (AMD64)]", "cwd": "C:\\Users\\razam\\Desktop\\Wedding\\Server"}}
{"timestamp": "2025-08-27T18:51:29.160465Z", "level": "INFO", "logger": "app", "message": "Creating Flask application in development environment", "module": "main", "function": "create_app", "line": 30, "thread": 30568, "process": 28860}
{"timestamp": "2025-08-27T18:51:29.160724Z", "level": "INFO", "logger": "app", "message": "MongoDB URI configured: mongodb://localhost:27017/wedding_planner", "module": "main", "function": "create_app", "line": 43, "thread": 30568, "process": 28860}
{"timestamp": "2025-08-27T18:51:29.163372Z", "level": "INFO", "logger": "app", "message": "Registering API blueprints", "module": "main", "function": "create_app", "line": 76, "thread": 30568, "process": 28860}
{"timestamp": "2025-08-27T18:51:29.180785Z", "level": "INFO", "logger": "app", "message": "Setting up background scheduler for booking reminders", "module": "main", "function": "create_app", "line": 155, "thread": 30568, "process": 28860}
{"timestamp": "2025-08-27T18:51:29.189862Z", "level": "INFO", "logger": "apscheduler.scheduler", "message": "Adding job tentatively -- it will be properly scheduled when the scheduler starts", "module": "base", "function": "add_job", "line": 507, "thread": 30568, "process": 28860}
{"timestamp": "2025-08-27T18:51:29.191994Z", "level": "INFO", "logger": "apscheduler.scheduler", "message": "Added job \"create_app.<locals>.scheduled_send_booking_return_reminders\" to job store \"default\"", "module": "base", "function": "_real_add_job", "line": 1090, "thread": 30568, "process": 28860}
{"timestamp": "2025-08-27T18:51:29.192534Z", "level": "INFO", "logger": "apscheduler.scheduler", "message": "Scheduler started", "module": "base", "function": "start", "line": 214, "thread": 30568, "process": 28860}
{"timestamp": "2025-08-27T18:51:29.194047Z", "level": "INFO", "logger": "app", "message": "Initializing database and collections", "module": "main", "function": "create_app", "line": 161, "thread": 30568, "process": 28860}
{"timestamp": "2025-08-27T18:51:29.210922Z", "level": "INFO", "logger": "models", "message": "Database initialized successfully with MongoDB", "module": "models", "function": "init_db", "line": 357, "thread": 30568, "process": 28860}
{"timestamp": "2025-08-27T18:51:29.211408Z", "level": "INFO", "logger": "app", "message": "Sending initial booking return reminders", "module": "main", "function": "create_app", "line": 168, "thread": 30568, "process": 28860}
{"timestamp": "2025-08-27T18:51:29.212419Z", "level": "INFO", "logger": "bookings", "message": "Return reminders processing completed", "module": "bookings", "function": "send_booking_return_reminders", "line": 722, "thread": 30568, "process": 28860}
{"timestamp": "2025-08-27T18:51:29.212731Z", "level": "INFO", "logger": "app", "message": "Flask application created successfully", "module": "main", "function": "create_app", "line": 175, "thread": 30568, "process": 28860}
{"timestamp": "2025-08-27T18:51:29.213025Z", "level": "INFO", "logger": "main", "message": "Starting Wedding Planner application on port 5000", "module": "main", "function": "<module>", "line": 184, "thread": 30568, "process": 28860}
{"timestamp": "2025-08-27T18:51:29.225052Z", "level": "WARNING", "logger": "werkzeug", "message": " * Debugger is active!", "module": "_internal", "function": "_log", "line": 97, "thread": 30568, "process": 28860}
{"timestamp": "2025-08-27T18:51:29.229957Z", "level": "INFO", "logger": "werkzeug", "message": " * Debugger PIN: 100-052-627", "module": "_internal", "function": "_log", "line": 97, "thread": 30568, "process": 28860}
{"timestamp": "2025-08-27T18:58:08.887087Z", "level": "INFO", "logger": "werkzeug", "message": " * Detected change in 'C:\\\\Users\\\\razam\\\\Desktop\\\\Wedding\\\\Server\\\\simple_mongo_lab.py', reloading", "module": "_internal", "function": "_log", "line": 97, "thread": 30568, "process": 28860}
{"timestamp": "2025-08-27T18:58:08.887767Z", "level": "INFO", "logger": "apscheduler.scheduler", "message": "Scheduler has been shut down", "module": "base", "function": "shutdown", "line": 245, "thread": 30568, "process": 28860}
{"timestamp": "2025-08-27T18:58:09.335347Z", "level": "INFO", "logger": "werkzeug", "message": " * Restarting with stat", "module": "_internal", "function": "_log", "line": 97, "thread": 2380, "process": 25344}
{"timestamp": "2025-08-27T18:58:11.898190Z", "level": "INFO", "logger": "app", "message": "Wedding Planner application starting", "module": "logger_config", "function": "init_app_logging", "line": 447, "thread": 8532, "process": 23320, "data": {"log_level": "INFO", "environment": "development", "python_version": "3.13.3 (tags/v3.13.3:6280bb5, Apr  8 2025, 14:47:33) [MSC v.1943 64 bit (AMD64)]", "cwd": "C:\\Users\\razam\\Desktop\\Wedding\\Server"}}
{"timestamp": "2025-08-27T18:58:11.898819Z", "level": "INFO", "logger": "app", "message": "Creating Flask application in development environment", "module": "main", "function": "create_app", "line": 30, "thread": 8532, "process": 23320}
{"timestamp": "2025-08-27T18:58:11.899067Z", "level": "INFO", "logger": "app", "message": "MongoDB URI configured: mongodb://localhost:27017/wedding_planner", "module": "main", "function": "create_app", "line": 43, "thread": 8532, "process": 23320}
{"timestamp": "2025-08-27T18:58:11.901904Z", "level": "INFO", "logger": "app", "message": "Registering API blueprints", "module": "main", "function": "create_app", "line": 76, "thread": 8532, "process": 23320}
{"timestamp": "2025-08-27T18:58:11.917448Z", "level": "INFO", "logger": "app", "message": "Setting up background scheduler for booking reminders", "module": "main", "function": "create_app", "line": 155, "thread": 8532, "process": 23320}
{"timestamp": "2025-08-27T18:58:11.924442Z", "level": "INFO", "logger": "apscheduler.scheduler", "message": "Adding job tentatively -- it will be properly scheduled when the scheduler starts", "module": "base", "function": "add_job", "line": 507, "thread": 8532, "process": 23320}
{"timestamp": "2025-08-27T18:58:11.924971Z", "level": "INFO", "logger": "apscheduler.scheduler", "message": "Added job \"create_app.<locals>.scheduled_send_booking_return_reminders\" to job store \"default\"", "module": "base", "function": "_real_add_job", "line": 1090, "thread": 8532, "process": 23320}
{"timestamp": "2025-08-27T18:58:11.925156Z", "level": "INFO", "logger": "apscheduler.scheduler", "message": "Scheduler started", "module": "base", "function": "start", "line": 214, "thread": 8532, "process": 23320}
{"timestamp": "2025-08-27T18:58:11.925771Z", "level": "INFO", "logger": "app", "message": "Initializing database and collections", "module": "main", "function": "create_app", "line": 161, "thread": 8532, "process": 23320}
{"timestamp": "2025-08-27T18:58:11.942901Z", "level": "INFO", "logger": "models", "message": "Database initialized successfully with MongoDB", "module": "models", "function": "init_db", "line": 357, "thread": 8532, "process": 23320}
{"timestamp": "2025-08-27T18:58:11.943319Z", "level": "INFO", "logger": "app", "message": "Sending initial booking return reminders", "module": "main", "function": "create_app", "line": 168, "thread": 8532, "process": 23320}
{"timestamp": "2025-08-27T18:58:11.944252Z", "level": "INFO", "logger": "bookings", "message": "Return reminders processing completed", "module": "bookings", "function": "send_booking_return_reminders", "line": 722, "thread": 8532, "process": 23320}
{"timestamp": "2025-08-27T18:58:11.944542Z", "level": "INFO", "logger": "app", "message": "Flask application created successfully", "module": "main", "function": "create_app", "line": 175, "thread": 8532, "process": 23320}
{"timestamp": "2025-08-27T18:58:11.944766Z", "level": "INFO", "logger": "main", "message": "Starting Wedding Planner application on port 5000", "module": "main", "function": "<module>", "line": 184, "thread": 8532, "process": 23320}
{"timestamp": "2025-08-27T18:58:11.954772Z", "level": "WARNING", "logger": "werkzeug", "message": " * Debugger is active!", "module": "_internal", "function": "_log", "line": 97, "thread": 8532, "process": 23320}
{"timestamp": "2025-08-27T18:58:11.959765Z", "level": "INFO", "logger": "werkzeug", "message": " * Debugger PIN: 100-052-627", "module": "_internal", "function": "_log", "line": 97, "thread": 8532, "process": 23320}
{"timestamp": "2025-08-27T18:58:56.739480Z", "level": "INFO", "logger": "werkzeug", "message": " * Detected change in 'C:\\\\Users\\\\razam\\\\Desktop\\\\Wedding\\\\Server\\\\quick_mongo.py', reloading", "module": "_internal", "function": "_log", "line": 97, "thread": 8532, "process": 23320}
{"timestamp": "2025-08-27T18:58:56.740620Z", "level": "INFO", "logger": "apscheduler.scheduler", "message": "Scheduler has been shut down", "module": "base", "function": "shutdown", "line": 245, "thread": 8532, "process": 23320}
{"timestamp": "2025-08-27T18:58:57.481785Z", "level": "INFO", "logger": "werkzeug", "message": " * Restarting with stat", "module": "_internal", "function": "_log", "line": 97, "thread": 2380, "process": 25344}
{"timestamp": "2025-08-27T18:58:59.889212Z", "level": "INFO", "logger": "app", "message": "Wedding Planner application starting", "module": "logger_config", "function": "init_app_logging", "line": 447, "thread": 11076, "process": 18592, "data": {"log_level": "INFO", "environment": "development", "python_version": "3.13.3 (tags/v3.13.3:6280bb5, Apr  8 2025, 14:47:33) [MSC v.1943 64 bit (AMD64)]", "cwd": "C:\\Users\\razam\\Desktop\\Wedding\\Server"}}
{"timestamp": "2025-08-27T18:58:59.889875Z", "level": "INFO", "logger": "app", "message": "Creating Flask application in development environment", "module": "main", "function": "create_app", "line": 30, "thread": 11076, "process": 18592}
{"timestamp": "2025-08-27T18:58:59.890165Z", "level": "INFO", "logger": "app", "message": "MongoDB URI configured: mongodb://localhost:27017/wedding_planner", "module": "main", "function": "create_app", "line": 43, "thread": 11076, "process": 18592}
{"timestamp": "2025-08-27T18:58:59.892762Z", "level": "INFO", "logger": "app", "message": "Registering API blueprints", "module": "main", "function": "create_app", "line": 76, "thread": 11076, "process": 18592}
{"timestamp": "2025-08-27T18:58:59.906802Z", "level": "INFO", "logger": "app", "message": "Setting up background scheduler for booking reminders", "module": "main", "function": "create_app", "line": 155, "thread": 11076, "process": 18592}
{"timestamp": "2025-08-27T18:58:59.914419Z", "level": "INFO", "logger": "apscheduler.scheduler", "message": "Adding job tentatively -- it will be properly scheduled when the scheduler starts", "module": "base", "function": "add_job", "line": 507, "thread": 11076, "process": 18592}
{"timestamp": "2025-08-27T18:58:59.914985Z", "level": "INFO", "logger": "apscheduler.scheduler", "message": "Added job \"create_app.<locals>.scheduled_send_booking_return_reminders\" to job store \"default\"", "module": "base", "function": "_real_add_job", "line": 1090, "thread": 11076, "process": 18592}
{"timestamp": "2025-08-27T18:58:59.915200Z", "level": "INFO", "logger": "apscheduler.scheduler", "message": "Scheduler started", "module": "base", "function": "start", "line": 214, "thread": 11076, "process": 18592}
{"timestamp": "2025-08-27T18:58:59.915783Z", "level": "INFO", "logger": "app", "message": "Initializing database and collections", "module": "main", "function": "create_app", "line": 161, "thread": 11076, "process": 18592}
{"timestamp": "2025-08-27T18:58:59.932959Z", "level": "INFO", "logger": "models", "message": "Database initialized successfully with MongoDB", "module": "models", "function": "init_db", "line": 357, "thread": 11076, "process": 18592}
{"timestamp": "2025-08-27T18:58:59.933388Z", "level": "INFO", "logger": "app", "message": "Sending initial booking return reminders", "module": "main", "function": "create_app", "line": 168, "thread": 11076, "process": 18592}
{"timestamp": "2025-08-27T18:58:59.934415Z", "level": "INFO", "logger": "bookings", "message": "Return reminders processing completed", "module": "bookings", "function": "send_booking_return_reminders", "line": 722, "thread": 11076, "process": 18592}
{"timestamp": "2025-08-27T18:58:59.936497Z", "level": "INFO", "logger": "app", "message": "Flask application created successfully", "module": "main", "function": "create_app", "line": 175, "thread": 11076, "process": 18592}
{"timestamp": "2025-08-27T18:58:59.936865Z", "level": "INFO", "logger": "main", "message": "Starting Wedding Planner application on port 5000", "module": "main", "function": "<module>", "line": 184, "thread": 11076, "process": 18592}
{"timestamp": "2025-08-27T18:58:59.947835Z", "level": "WARNING", "logger": "werkzeug", "message": " * Debugger is active!", "module": "_internal", "function": "_log", "line": 97, "thread": 11076, "process": 18592}
{"timestamp": "2025-08-27T18:58:59.951615Z", "level": "INFO", "logger": "werkzeug", "message": " * Debugger PIN: 100-052-627", "module": "_internal", "function": "_log", "line": 97, "thread": 11076, "process": 18592}
{"timestamp": "2025-08-27T19:00:04.997001Z", "level": "INFO", "logger": "app", "message": "Wedding Planner application starting", "module": "logger_config", "function": "init_app_logging", "line": 447, "thread": 29464, "process": 5680, "data": {"log_level": "INFO", "environment": "development", "python_version": "3.13.3 (tags/v3.13.3:6280bb5, Apr  8 2025, 14:47:33) [MSC v.1943 64 bit (AMD64)]", "cwd": "C:\\Users\\razam\\Desktop\\Wedding\\Server"}}
{"timestamp": "2025-08-27T19:00:04.997673Z", "level": "INFO", "logger": "app", "message": "Creating Flask application in development environment", "module": "main", "function": "create_app", "line": 30, "thread": 29464, "process": 5680}
{"timestamp": "2025-08-27T19:00:04.998070Z", "level": "INFO", "logger": "app", "message": "MongoDB URI configured: mongodb://localhost:27017/wedding_planner", "module": "main", "function": "create_app", "line": 43, "thread": 29464, "process": 5680}
{"timestamp": "2025-08-27T19:00:05.002393Z", "level": "INFO", "logger": "app", "message": "Registering API blueprints", "module": "main", "function": "create_app", "line": 76, "thread": 29464, "process": 5680}
{"timestamp": "2025-08-27T19:00:05.018765Z", "level": "INFO", "logger": "app", "message": "Setting up background scheduler for booking reminders", "module": "main", "function": "create_app", "line": 155, "thread": 29464, "process": 5680}
{"timestamp": "2025-08-27T19:00:05.026995Z", "level": "INFO", "logger": "apscheduler.scheduler", "message": "Adding job tentatively -- it will be properly scheduled when the scheduler starts", "module": "base", "function": "add_job", "line": 507, "thread": 29464, "process": 5680}
{"timestamp": "2025-08-27T19:00:05.027549Z", "level": "INFO", "logger": "apscheduler.scheduler", "message": "Added job \"create_app.<locals>.scheduled_send_booking_return_reminders\" to job store \"default\"", "module": "base", "function": "_real_add_job", "line": 1090, "thread": 29464, "process": 5680}
{"timestamp": "2025-08-27T19:00:05.027722Z", "level": "INFO", "logger": "apscheduler.scheduler", "message": "Scheduler started", "module": "base", "function": "start", "line": 214, "thread": 29464, "process": 5680}
{"timestamp": "2025-08-27T19:00:05.028958Z", "level": "INFO", "logger": "app", "message": "Initializing database and collections", "module": "main", "function": "create_app", "line": 161, "thread": 29464, "process": 5680}
{"timestamp": "2025-08-27T19:00:05.054005Z", "level": "INFO", "logger": "models", "message": "Database initialized successfully with MongoDB", "module": "models", "function": "init_db", "line": 357, "thread": 29464, "process": 5680}
{"timestamp": "2025-08-27T19:00:05.054590Z", "level": "INFO", "logger": "app", "message": "Sending initial booking return reminders", "module": "main", "function": "create_app", "line": 168, "thread": 29464, "process": 5680}
{"timestamp": "2025-08-27T19:00:05.055667Z", "level": "INFO", "logger": "bookings", "message": "Return reminders processing completed", "module": "bookings", "function": "send_booking_return_reminders", "line": 722, "thread": 29464, "process": 5680}
{"timestamp": "2025-08-27T19:00:05.055970Z", "level": "INFO", "logger": "app", "message": "Flask application created successfully", "module": "main", "function": "create_app", "line": 175, "thread": 29464, "process": 5680}
{"timestamp": "2025-08-27T19:00:05.056297Z", "level": "INFO", "logger": "main", "message": "Starting Wedding Planner application on port 5000", "module": "main", "function": "<module>", "line": 184, "thread": 29464, "process": 5680}
{"timestamp": "2025-08-27T19:00:05.078564Z", "level": "INFO", "logger": "werkzeug", "message": "\u001b[31m\u001b[1mWARNING: This is a development server. Do not use it in a production deployment. Use a production WSGI server instead.\u001b[0m\n * Running on all addresses (0.0.0.0)\n * Running on http://127.0.0.1:5000\n * Running on http://192.168.31.182:5000", "module": "_internal", "function": "_log", "line": 97, "thread": 29464, "process": 5680}
{"timestamp": "2025-08-27T19:00:05.078912Z", "level": "INFO", "logger": "werkzeug", "message": "\u001b[33mPress CTRL+C to quit\u001b[0m", "module": "_internal", "function": "_log", "line": 97, "thread": 29464, "process": 5680}
{"timestamp": "2025-08-27T19:00:05.081157Z", "level": "INFO", "logger": "werkzeug", "message": " * Restarting with stat", "module": "_internal", "function": "_log", "line": 97, "thread": 29464, "process": 5680}
{"timestamp": "2025-08-27T19:00:07.275404Z", "level": "INFO", "logger": "app", "message": "Wedding Planner application starting", "module": "logger_config", "function": "init_app_logging", "line": 447, "thread": 31408, "process": 26236, "data": {"log_level": "INFO", "environment": "development", "python_version": "3.13.3 (tags/v3.13.3:6280bb5, Apr  8 2025, 14:47:33) [MSC v.1943 64 bit (AMD64)]", "cwd": "C:\\Users\\razam\\Desktop\\Wedding\\Server"}}
{"timestamp": "2025-08-27T19:00:07.276098Z", "level": "INFO", "logger": "app", "message": "Creating Flask application in development environment", "module": "main", "function": "create_app", "line": 30, "thread": 31408, "process": 26236}
{"timestamp": "2025-08-27T19:00:07.276683Z", "level": "INFO", "logger": "app", "message": "MongoDB URI configured: mongodb://localhost:27017/wedding_planner", "module": "main", "function": "create_app", "line": 43, "thread": 31408, "process": 26236}
{"timestamp": "2025-08-27T19:00:07.280096Z", "level": "INFO", "logger": "app", "message": "Registering API blueprints", "module": "main", "function": "create_app", "line": 76, "thread": 31408, "process": 26236}
{"timestamp": "2025-08-27T19:00:07.298403Z", "level": "INFO", "logger": "app", "message": "Setting up background scheduler for booking reminders", "module": "main", "function": "create_app", "line": 155, "thread": 31408, "process": 26236}
{"timestamp": "2025-08-27T19:00:07.307629Z", "level": "INFO", "logger": "apscheduler.scheduler", "message": "Adding job tentatively -- it will be properly scheduled when the scheduler starts", "module": "base", "function": "add_job", "line": 507, "thread": 31408, "process": 26236}
{"timestamp": "2025-08-27T19:00:07.308691Z", "level": "INFO", "logger": "apscheduler.scheduler", "message": "Added job \"create_app.<locals>.scheduled_send_booking_return_reminders\" to job store \"default\"", "module": "base", "function": "_real_add_job", "line": 1090, "thread": 31408, "process": 26236}
{"timestamp": "2025-08-27T19:00:07.309167Z", "level": "INFO", "logger": "apscheduler.scheduler", "message": "Scheduler started", "module": "base", "function": "start", "line": 214, "thread": 31408, "process": 26236}
{"timestamp": "2025-08-27T19:00:07.309955Z", "level": "INFO", "logger": "app", "message": "Initializing database and collections", "module": "main", "function": "create_app", "line": 161, "thread": 31408, "process": 26236}
{"timestamp": "2025-08-27T19:00:07.330227Z", "level": "INFO", "logger": "models", "message": "Database initialized successfully with MongoDB", "module": "models", "function": "init_db", "line": 357, "thread": 31408, "process": 26236}
{"timestamp": "2025-08-27T19:00:07.330687Z", "level": "INFO", "logger": "app", "message": "Sending initial booking return reminders", "module": "main", "function": "create_app", "line": 168, "thread": 31408, "process": 26236}
{"timestamp": "2025-08-27T19:00:07.332042Z", "level": "INFO", "logger": "bookings", "message": "Return reminders processing completed", "module": "bookings", "function": "send_booking_return_reminders", "line": 722, "thread": 31408, "process": 26236}
{"timestamp": "2025-08-27T19:00:07.332387Z", "level": "INFO", "logger": "app", "message": "Flask application created successfully", "module": "main", "function": "create_app", "line": 175, "thread": 31408, "process": 26236}
{"timestamp": "2025-08-27T19:00:07.332646Z", "level": "INFO", "logger": "main", "message": "Starting Wedding Planner application on port 5000", "module": "main", "function": "<module>", "line": 184, "thread": 31408, "process": 26236}
{"timestamp": "2025-08-27T19:00:07.344747Z", "level": "WARNING", "logger": "werkzeug", "message": " * Debugger is active!", "module": "_internal", "function": "_log", "line": 97, "thread": 31408, "process": 26236}
{"timestamp": "2025-08-27T19:00:07.348424Z", "level": "INFO", "logger": "werkzeug", "message": " * Debugger PIN: 100-052-627", "module": "_internal", "function": "_log", "line": 97, "thread": 31408, "process": 26236}
{"timestamp": "2025-08-27T19:00:17.844394Z", "level": "INFO", "logger": "app", "message": "Request completed: GET /api/items/categories - 200 in 1.39ms", "module": "main", "function": "after_request", "line": 61, "thread": 26252, "process": 26236, "request_id": "6f18f98e-f37f-4ab8-b639-ab460e4200ce", "http": {"method": "GET", "url": "http://localhost:5000/api/items/categories", "remote_addr": "127.0.0.1", "user_agent": "Mozilla/5.0 (Windows NT 10.0; Win64; x64) AppleWebKit/537.36 (KHTML, like Gecko) Chrome/139.0.0.0 Safari/537.36", "content_type": null}, "data": {"request_id": "6f18f98e-f37f-4ab8-b639-ab460e4200ce", "method": "GET", "path": "/api/items/categories", "status_code": 200, "duration_ms": 1.3873577117919922, "content_length": 844, "remote_addr": "127.0.0.1"}}
{"timestamp": "2025-08-27T19:00:17.845605Z", "level": "INFO", "logger": "werkzeug", "message": "127.0.0.1 - - [27/Aug/2025 22:00:17] \"GET /api/items/categories HTTP/1.1\" 200 -", "module": "_internal", "function": "_log", "line": 97, "thread": 26252, "process": 26236}
{"timestamp": "2025-08-27T19:00:18.089314Z", "level": "INFO", "logger": "app", "message": "Request completed: GET /api/items/categories - 200 in 1.23ms", "module": "main", "function": "after_request", "line": 61, "thread": 21720, "process": 26236, "request_id": "a73fb73c-63a5-45a2-9cd2-2ecd5d21b9fc", "http": {"method": "GET", "url": "http://localhost:5000/api/items/categories", "remote_addr": "127.0.0.1", "user_agent": "Mozilla/5.0 (Windows NT 10.0; Win64; x64) AppleWebKit/537.36 (KHTML, like Gecko) Chrome/139.0.0.0 Safari/537.36", "content_type": null}, "data": {"request_id": "a73fb73c-63a5-45a2-9cd2-2ecd5d21b9fc", "method": "GET", "path": "/api/items/categories", "status_code": 200, "duration_ms": 1.2309551239013672, "content_length": 844, "remote_addr": "127.0.0.1"}}
{"timestamp": "2025-08-27T19:00:18.090045Z", "level": "INFO", "logger": "werkzeug", "message": "127.0.0.1 - - [27/Aug/2025 22:00:18] \"GET /api/items/categories HTTP/1.1\" 200 -", "module": "_internal", "function": "_log", "line": 97, "thread": 21720, "process": 26236}
{"timestamp": "2025-08-27T19:00:18.943380Z", "level": "INFO", "logger": "app", "message": "Request completed: GET /api/items/categories - 200 in 1.39ms", "module": "main", "function": "after_request", "line": 61, "thread": 27868, "process": 26236, "request_id": "ef12cce0-55c1-4602-b85d-7520ff089fcb", "http": {"method": "GET", "url": "http://localhost:5000/api/items/categories", "remote_addr": "127.0.0.1", "user_agent": "Mozilla/5.0 (Windows NT 10.0; Win64; x64) AppleWebKit/537.36 (KHTML, like Gecko) Chrome/139.0.0.0 Safari/537.36", "content_type": null}, "data": {"request_id": "ef12cce0-55c1-4602-b85d-7520ff089fcb", "method": "GET", "path": "/api/items/categories", "status_code": 200, "duration_ms": 1.3852119445800781, "content_length": 844, "remote_addr": "127.0.0.1"}}
{"timestamp": "2025-08-27T19:00:18.944431Z", "level": "INFO", "logger": "werkzeug", "message": "127.0.0.1 - - [27/Aug/2025 22:00:18] \"GET /api/items/categories HTTP/1.1\" 200 -", "module": "_internal", "function": "_log", "line": 97, "thread": 27868, "process": 26236}
{"timestamp": "2025-08-27T19:00:19.260073Z", "level": "INFO", "logger": "app", "message": "Request completed: GET /api/items/categories - 200 in 1.97ms", "module": "main", "function": "after_request", "line": 61, "thread": 9128, "process": 26236, "request_id": "34cafa2d-43a8-44a7-8cd0-0a40af5eeff7", "http": {"method": "GET", "url": "http://localhost:5000/api/items/categories", "remote_addr": "127.0.0.1", "user_agent": "Mozilla/5.0 (Windows NT 10.0; Win64; x64) AppleWebKit/537.36 (KHTML, like Gecko) Chrome/139.0.0.0 Safari/537.36", "content_type": null}, "data": {"request_id": "34cafa2d-43a8-44a7-8cd0-0a40af5eeff7", "method": "GET", "path": "/api/items/categories", "status_code": 200, "duration_ms": 1.9657611846923828, "content_length": 844, "remote_addr": "127.0.0.1"}}
{"timestamp": "2025-08-27T19:00:19.261148Z", "level": "INFO", "logger": "werkzeug", "message": "127.0.0.1 - - [27/Aug/2025 22:00:19] \"GET /api/items/categories HTTP/1.1\" 200 -", "module": "_internal", "function": "_log", "line": 97, "thread": 9128, "process": 26236}
{"timestamp": "2025-08-27T19:00:19.268219Z", "level": "INFO", "logger": "app", "message": "Request completed: GET /api/items/ - 200 in 8.77ms", "module": "main", "function": "after_request", "line": 61, "thread": 9748, "process": 26236, "request_id": "d5e260b3-87d0-4b1d-94ed-4852ceb9ff0d", "http": {"method": "GET", "url": "http://localhost:5000/api/items/?page=1&amount_per_page=20&filter_by_name=&category=&only_available=false&load_categories=true", "remote_addr": "127.0.0.1", "user_agent": "Mozilla/5.0 (Windows NT 10.0; Win64; x64) AppleWebKit/537.36 (KHTML, like Gecko) Chrome/139.0.0.0 Safari/537.36", "content_type": null}, "data": {"request_id": "d5e260b3-87d0-4b1d-94ed-4852ceb9ff0d", "method": "GET", "path": "/api/items/", "status_code": 200, "duration_ms": 8.767366409301758, "content_length": 5909, "remote_addr": "127.0.0.1"}}
{"timestamp": "2025-08-27T19:00:19.269074Z", "level": "INFO", "logger": "werkzeug", "message": "127.0.0.1 - - [27/Aug/2025 22:00:19] \"GET /api/items/?page=1&amount_per_page=20&filter_by_name=&category=&only_available=false&load_categories=true HTTP/1.1\" 200 -", "module": "_internal", "function": "_log", "line": 97, "thread": 9748, "process": 26236}
{"timestamp": "2025-08-27T19:00:19.633606Z", "level": "INFO", "logger": "app", "message": "Request completed: GET /catalog/plates.jpg - 200 in 2.88ms", "module": "main", "function": "after_request", "line": 61, "thread": 28340, "process": 26236, "request_id": "c1554b67-f234-4871-91ca-742f68cd98d0", "http": {"method": "GET", "url": "http://localhost:5000/catalog/plates.jpg", "remote_addr": "127.0.0.1", "user_agent": "Mozilla/5.0 (Windows NT 10.0; Win64; x64) AppleWebKit/537.36 (KHTML, like Gecko) Chrome/139.0.0.0 Safari/537.36", "content_type": null}, "data": {"request_id": "c1554b67-f234-4871-91ca-742f68cd98d0", "method": "GET", "path": "/catalog/plates.jpg", "status_code": 200, "duration_ms": 2.8836727142333984, "content_length": 605654, "remote_addr": "127.0.0.1"}}
{"timestamp": "2025-08-27T19:00:19.634637Z", "level": "INFO", "logger": "app", "message": "Request completed: GET /catalog/chiavari_chairs.jpg - 200 in 3.35ms", "module": "main", "function": "after_request", "line": 61, "thread": 9912, "process": 26236, "request_id": "17585eeb-faab-428e-a2e1-017be4260152", "http": {"method": "GET", "url": "http://localhost:5000/catalog/chiavari_chairs.jpg", "remote_addr": "127.0.0.1", "user_agent": "Mozilla/5.0 (Windows NT 10.0; Win64; x64) AppleWebKit/537.36 (KHTML, like Gecko) Chrome/139.0.0.0 Safari/537.36", "content_type": null}, "data": {"request_id": "17585eeb-faab-428e-a2e1-017be4260152", "method": "GET", "path": "/catalog/chiavari_chairs.jpg", "status_code": 200, "duration_ms": 3.3478736877441406, "content_length": 605654, "remote_addr": "127.0.0.1"}}
{"timestamp": "2025-08-27T19:00:19.635317Z", "level": "INFO", "logger": "app", "message": "Request completed: GET /catalog/centerpieces.jpg - 200 in 2.58ms", "module": "main", "function": "after_request", "line": 61, "thread": 28304, "process": 26236, "request_id": "a064319c-433a-4f65-95bc-7ba45a78e118", "http": {"method": "GET", "url": "http://localhost:5000/catalog/centerpieces.jpg", "remote_addr": "127.0.0.1", "user_agent": "Mozilla/5.0 (Windows NT 10.0; Win64; x64) AppleWebKit/537.36 (KHTML, like Gecko) Chrome/139.0.0.0 Safari/537.36", "content_type": null}, "data": {"request_id": "a064319c-433a-4f65-95bc-7ba45a78e118", "method": "GET", "path": "/catalog/centerpieces.jpg", "status_code": 200, "duration_ms": 2.5758743286132812, "content_length": 605654, "remote_addr": "127.0.0.1"}}
{"timestamp": "2025-08-27T19:00:19.637507Z", "level": "INFO", "logger": "app", "message": "Request completed: GET /catalog/sound_system.jpg - 200 in 5.69ms", "module": "main", "function": "after_request", "line": 61, "thread": 28392, "process": 26236, "request_id": "7b7c60f1-68ab-4c7b-bd7a-fe6d5bd02e9d", "http": {"method": "GET", "url": "http://localhost:5000/catalog/sound_system.jpg", "remote_addr": "127.0.0.1", "user_agent": "Mozilla/5.0 (Windows NT 10.0; Win64; x64) AppleWebKit/537.36 (KHTML, like Gecko) Chrome/139.0.0.0 Safari/537.36", "content_type": null}, "data": {"request_id": "7b7c60f1-68ab-4c7b-bd7a-fe6d5bd02e9d", "method": "GET", "path": "/catalog/sound_system.jpg", "status_code": 200, "duration_ms": 5.686759948730469, "content_length": 605654, "remote_addr": "127.0.0.1"}}
{"timestamp": "2025-08-27T19:00:19.638187Z", "level": "INFO", "logger": "werkzeug", "message": "127.0.0.1 - - [27/Aug/2025 22:00:19] \"GET /catalog/plates.jpg HTTP/1.1\" 200 -", "module": "_internal", "function": "_log", "line": 97, "thread": 28340, "process": 26236}
{"timestamp": "2025-08-27T19:00:19.639419Z", "level": "INFO", "logger": "werkzeug", "message": "127.0.0.1 - - [27/Aug/2025 22:00:19] \"GET /catalog/chiavari_chairs.jpg HTTP/1.1\" 200 -", "module": "_internal", "function": "_log", "line": 97, "thread": 9912, "process": 26236}
{"timestamp": "2025-08-27T19:00:19.639744Z", "level": "INFO", "logger": "werkzeug", "message": "127.0.0.1 - - [27/Aug/2025 22:00:19] \"GET /catalog/centerpieces.jpg HTTP/1.1\" 200 -", "module": "_internal", "function": "_log", "line": 97, "thread": 28304, "process": 26236}
{"timestamp": "2025-08-27T19:00:19.640450Z", "level": "INFO", "logger": "werkzeug", "message": "127.0.0.1 - - [27/Aug/2025 22:00:19] \"GET /catalog/sound_system.jpg HTTP/1.1\" 200 -", "module": "_internal", "function": "_log", "line": 97, "thread": 28392, "process": 26236}
{"timestamp": "2025-08-27T19:00:19.641741Z", "level": "INFO", "logger": "app", "message": "Request completed: GET /catalog/led_lighting.jpg - 200 in 4.57ms", "module": "main", "function": "after_request", "line": 61, "thread": 24804, "process": 26236, "request_id": "752b5634-ef81-4170-94ca-540280f9051c", "http": {"method": "GET", "url": "http://localhost:5000/catalog/led_lighting.jpg", "remote_addr": "127.0.0.1", "user_agent": "Mozilla/5.0 (Windows NT 10.0; Win64; x64) AppleWebKit/537.36 (KHTML, like Gecko) Chrome/139.0.0.0 Safari/537.36", "content_type": null}, "data": {"request_id": "752b5634-ef81-4170-94ca-540280f9051c", "method": "GET", "path": "/catalog/led_lighting.jpg", "status_code": 200, "duration_ms": 4.567861557006836, "content_length": 605654, "remote_addr": "127.0.0.1"}}
{"timestamp": "2025-08-27T19:00:19.643995Z", "level": "INFO", "logger": "werkzeug", "message": "127.0.0.1 - - [27/Aug/2025 22:00:19] \"GET /catalog/led_lighting.jpg HTTP/1.1\" 200 -", "module": "_internal", "function": "_log", "line": 97, "thread": 24804, "process": 26236}
{"timestamp": "2025-08-27T19:01:08.463634Z", "level": "INFO", "logger": "app", "message": "Request completed: GET /api/items/categories - 200 in 1.82ms", "module": "main", "function": "after_request", "line": 61, "thread": 28212, "process": 26236, "request_id": "3d41d0ef-bfe0-4e43-9bfc-d695aa69a969", "http": {"method": "GET", "url": "http://localhost:5000/api/items/categories", "remote_addr": "127.0.0.1", "user_agent": "Mozilla/5.0 (Windows NT 10.0; Win64; x64) AppleWebKit/537.36 (KHTML, like Gecko) Chrome/139.0.0.0 Safari/537.36", "content_type": null}, "data": {"request_id": "3d41d0ef-bfe0-4e43-9bfc-d695aa69a969", "method": "GET", "path": "/api/items/categories", "status_code": 200, "duration_ms": 1.821279525756836, "content_length": 844, "remote_addr": "127.0.0.1"}}
{"timestamp": "2025-08-27T19:01:08.464343Z", "level": "INFO", "logger": "werkzeug", "message": "127.0.0.1 - - [27/Aug/2025 22:01:08] \"GET /api/items/categories HTTP/1.1\" 200 -", "module": "_internal", "function": "_log", "line": 97, "thread": 28212, "process": 26236}
{"timestamp": "2025-08-27T19:01:08.466221Z", "level": "INFO", "logger": "app", "message": "Request completed: GET /api/items/ - 200 in 3.35ms", "module": "main", "function": "after_request", "line": 61, "thread": 5940, "process": 26236, "request_id": "41398747-0a74-4885-b2bc-3aa5ac3320e1", "http": {"method": "GET", "url": "http://localhost:5000/api/items/?page=1&amount_per_page=20&filter_by_name=&category=&only_available=false&load_categories=true", "remote_addr": "127.0.0.1", "user_agent": "Mozilla/5.0 (Windows NT 10.0; Win64; x64) AppleWebKit/537.36 (KHTML, like Gecko) Chrome/139.0.0.0 Safari/537.36", "content_type": null}, "data": {"request_id": "41398747-0a74-4885-b2bc-3aa5ac3320e1", "method": "GET", "path": "/api/items/", "status_code": 200, "duration_ms": 3.3490657806396484, "content_length": 5909, "remote_addr": "127.0.0.1"}}
{"timestamp": "2025-08-27T19:01:08.468824Z", "level": "INFO", "logger": "werkzeug", "message": "127.0.0.1 - - [27/Aug/2025 22:01:08] \"GET /api/items/?page=1&amount_per_page=20&filter_by_name=&category=&only_available=false&load_categories=true HTTP/1.1\" 200 -", "module": "_internal", "function": "_log", "line": 97, "thread": 5940, "process": 26236}
{"timestamp": "2025-08-27T19:01:08.517837Z", "level": "INFO", "logger": "app", "message": "Request completed: GET /catalog/plates.jpg - 304 in 0.66ms", "module": "main", "function": "after_request", "line": 61, "thread": 32000, "process": 26236, "request_id": "089d48d7-ec1b-4bfb-a0eb-3d6326dece5a", "http": {"method": "GET", "url": "http://localhost:5000/catalog/plates.jpg", "remote_addr": "127.0.0.1", "user_agent": "Mozilla/5.0 (Windows NT 10.0; Win64; x64) AppleWebKit/537.36 (KHTML, like Gecko) Chrome/139.0.0.0 Safari/537.36", "content_type": null}, "data": {"request_id": "089d48d7-ec1b-4bfb-a0eb-3d6326dece5a", "method": "GET", "path": "/catalog/plates.jpg", "status_code": 304, "duration_ms": 0.6620883941650391, "content_length": 605654, "remote_addr": "127.0.0.1"}}
{"timestamp": "2025-08-27T19:01:08.518651Z", "level": "INFO", "logger": "werkzeug", "message": "127.0.0.1 - - [27/Aug/2025 22:01:08] \"\u001b[36mGET /catalog/plates.jpg HTTP/1.1\u001b[0m\" 304 -", "module": "_internal", "function": "_log", "line": 97, "thread": 32000, "process": 26236}
{"timestamp": "2025-08-27T19:01:08.727004Z", "level": "INFO", "logger": "app", "message": "Request completed: GET /api/items/categories - 200 in 1.68ms", "module": "main", "function": "after_request", "line": 61, "thread": 30324, "process": 26236, "request_id": "407221d2-ab89-4951-a236-22b72c4bdc26", "http": {"method": "GET", "url": "http://localhost:5000/api/items/categories", "remote_addr": "127.0.0.1", "user_agent": "Mozilla/5.0 (Windows NT 10.0; Win64; x64) AppleWebKit/537.36 (KHTML, like Gecko) Chrome/139.0.0.0 Safari/537.36", "content_type": null}, "data": {"request_id": "407221d2-ab89-4951-a236-22b72c4bdc26", "method": "GET", "path": "/api/items/categories", "status_code": 200, "duration_ms": 1.676321029663086, "content_length": 844, "remote_addr": "127.0.0.1"}}
{"timestamp": "2025-08-27T19:01:08.727838Z", "level": "INFO", "logger": "werkzeug", "message": "127.0.0.1 - - [27/Aug/2025 22:01:08] \"GET /api/items/categories HTTP/1.1\" 200 -", "module": "_internal", "function": "_log", "line": 97, "thread": 30324, "process": 26236}
{"timestamp": "2025-08-27T19:01:08.837043Z", "level": "INFO", "logger": "app", "message": "Request completed: GET /catalog/centerpieces.jpg - 304 in 1.84ms", "module": "main", "function": "after_request", "line": 61, "thread": 9792, "process": 26236, "request_id": "6c44a92f-c2c1-4834-bac0-f516265ba02c", "http": {"method": "GET", "url": "http://localhost:5000/catalog/centerpieces.jpg", "remote_addr": "127.0.0.1", "user_agent": "Mozilla/5.0 (Windows NT 10.0; Win64; x64) AppleWebKit/537.36 (KHTML, like Gecko) Chrome/139.0.0.0 Safari/537.36", "content_type": null}, "data": {"request_id": "6c44a92f-c2c1-4834-bac0-f516265ba02c", "method": "GET", "path": "/catalog/centerpieces.jpg", "status_code": 304, "duration_ms": 1.8389225006103516, "content_length": 605654, "remote_addr": "127.0.0.1"}}
{"timestamp": "2025-08-27T19:01:08.837286Z", "level": "INFO", "logger": "app", "message": "Request completed: GET /catalog/led_lighting.jpg - 304 in 0.94ms", "module": "main", "function": "after_request", "line": 61, "thread": 18724, "process": 26236, "request_id": "18343ef9-c7bb-4f03-b365-3b7cd8d20f5b", "http": {"method": "GET", "url": "http://localhost:5000/catalog/led_lighting.jpg", "remote_addr": "127.0.0.1", "user_agent": "Mozilla/5.0 (Windows NT 10.0; Win64; x64) AppleWebKit/537.36 (KHTML, like Gecko) Chrome/139.0.0.0 Safari/537.36", "content_type": null}, "data": {"request_id": "18343ef9-c7bb-4f03-b365-3b7cd8d20f5b", "method": "GET", "path": "/catalog/led_lighting.jpg", "status_code": 304, "duration_ms": 0.9448528289794922, "content_length": 605654, "remote_addr": "127.0.0.1"}}
{"timestamp": "2025-08-27T19:01:08.837531Z", "level": "INFO", "logger": "app", "message": "Request completed: GET /catalog/chiavari_chairs.jpg - 304 in 3.11ms", "module": "main", "function": "after_request", "line": 61, "thread": 17332, "process": 26236, "request_id": "51385a23-ee08-47d6-84a6-31e153c9af5b", "http": {"method": "GET", "url": "http://localhost:5000/catalog/chiavari_chairs.jpg", "remote_addr": "127.0.0.1", "user_agent": "Mozilla/5.0 (Windows NT 10.0; Win64; x64) AppleWebKit/537.36 (KHTML, like Gecko) Chrome/139.0.0.0 Safari/537.36", "content_type": null}, "data": {"request_id": "51385a23-ee08-47d6-84a6-31e153c9af5b", "method": "GET", "path": "/catalog/chiavari_chairs.jpg", "status_code": 304, "duration_ms": 3.106832504272461, "content_length": 605654, "remote_addr": "127.0.0.1"}}
{"timestamp": "2025-08-27T19:01:08.837939Z", "level": "INFO", "logger": "app", "message": "Request completed: GET /catalog/sound_system.jpg - 304 in 2.02ms", "module": "main", "function": "after_request", "line": 61, "thread": 25872, "process": 26236, "request_id": "14958cff-fb5b-45f5-a6fc-b2b31bb2e2f3", "http": {"method": "GET", "url": "http://localhost:5000/catalog/sound_system.jpg", "remote_addr": "127.0.0.1", "user_agent": "Mozilla/5.0 (Windows NT 10.0; Win64; x64) AppleWebKit/537.36 (KHTML, like Gecko) Chrome/139.0.0.0 Safari/537.36", "content_type": null}, "data": {"request_id": "14958cff-fb5b-45f5-a6fc-b2b31bb2e2f3", "method": "GET", "path": "/catalog/sound_system.jpg", "status_code": 304, "duration_ms": 2.0203590393066406, "content_length": 605654, "remote_addr": "127.0.0.1"}}
{"timestamp": "2025-08-27T19:01:08.838616Z", "level": "INFO", "logger": "werkzeug", "message": "127.0.0.1 - - [27/Aug/2025 22:01:08] \"\u001b[36mGET /catalog/centerpieces.jpg HTTP/1.1\u001b[0m\" 304 -", "module": "_internal", "function": "_log", "line": 97, "thread": 9792, "process": 26236}
{"timestamp": "2025-08-27T19:01:08.839261Z", "level": "INFO", "logger": "werkzeug", "message": "127.0.0.1 - - [27/Aug/2025 22:01:08] \"\u001b[36mGET /catalog/led_lighting.jpg HTTP/1.1\u001b[0m\" 304 -", "module": "_internal", "function": "_log", "line": 97, "thread": 18724, "process": 26236}
{"timestamp": "2025-08-27T19:01:08.839914Z", "level": "INFO", "logger": "werkzeug", "message": "127.0.0.1 - - [27/Aug/2025 22:01:08] \"\u001b[36mGET /catalog/chiavari_chairs.jpg HTTP/1.1\u001b[0m\" 304 -", "module": "_internal", "function": "_log", "line": 97, "thread": 17332, "process": 26236}
{"timestamp": "2025-08-27T19:01:08.839999Z", "level": "INFO", "logger": "werkzeug", "message": "127.0.0.1 - - [27/Aug/2025 22:01:08] \"\u001b[36mGET /catalog/sound_system.jpg HTTP/1.1\u001b[0m\" 304 -", "module": "_internal", "function": "_log", "line": 97, "thread": 25872, "process": 26236}
{"timestamp": "2025-08-27T19:01:31.051980Z", "level": "INFO", "logger": "app", "message": "Request completed: GET /api/items/categories - 200 in 1.89ms", "module": "main", "function": "after_request", "line": 61, "thread": 29316, "process": 26236, "request_id": "ef14b31f-8a56-4787-8c02-d9ae741ee8ed", "http": {"method": "GET", "url": "http://localhost:5000/api/items/categories", "remote_addr": "127.0.0.1", "user_agent": "Mozilla/5.0 (Windows NT 10.0; Win64; x64) AppleWebKit/537.36 (KHTML, like Gecko) Chrome/139.0.0.0 Safari/537.36", "content_type": null}, "data": {"request_id": "ef14b31f-8a56-4787-8c02-d9ae741ee8ed", "method": "GET", "path": "/api/items/categories", "status_code": 200, "duration_ms": 1.8949508666992188, "content_length": 844, "remote_addr": "127.0.0.1"}}
{"timestamp": "2025-08-27T19:01:31.053079Z", "level": "INFO", "logger": "werkzeug", "message": "127.0.0.1 - - [27/Aug/2025 22:01:31] \"GET /api/items/categories HTTP/1.1\" 200 -", "module": "_internal", "function": "_log", "line": 97, "thread": 29316, "process": 26236}
{"timestamp": "2025-08-27T19:01:31.357132Z", "level": "INFO", "logger": "app", "message": "Request completed: GET /api/items/ - 200 in 3.80ms", "module": "main", "function": "after_request", "line": 61, "thread": 30800, "process": 26236, "request_id": "a85f6743-e32b-4526-9ae4-27e4608fc61d", "http": {"method": "GET", "url": "http://localhost:5000/api/items/?page=1&amount_per_page=20&filter_by_name=&category=&only_available=false&load_categories=true", "remote_addr": "127.0.0.1", "user_agent": "Mozilla/5.0 (Windows NT 10.0; Win64; x64) AppleWebKit/537.36 (KHTML, like Gecko) Chrome/139.0.0.0 Safari/537.36", "content_type": null}, "data": {"request_id": "a85f6743-e32b-4526-9ae4-27e4608fc61d", "method": "GET", "path": "/api/items/", "status_code": 200, "duration_ms": 3.804922103881836, "content_length": 5909, "remote_addr": "127.0.0.1"}}
{"timestamp": "2025-08-27T19:01:31.357947Z", "level": "INFO", "logger": "werkzeug", "message": "127.0.0.1 - - [27/Aug/2025 22:01:31] \"GET /api/items/?page=1&amount_per_page=20&filter_by_name=&category=&only_available=false&load_categories=true HTTP/1.1\" 200 -", "module": "_internal", "function": "_log", "line": 97, "thread": 30800, "process": 26236}
{"timestamp": "2025-08-27T19:01:31.362806Z", "level": "INFO", "logger": "app", "message": "Request completed: GET /api/items/categories - 200 in 1.51ms", "module": "main", "function": "after_request", "line": 61, "thread": 13204, "process": 26236, "request_id": "81c086be-efa3-4f5f-b424-6a13b51e6284", "http": {"method": "GET", "url": "http://localhost:5000/api/items/categories", "remote_addr": "127.0.0.1", "user_agent": "Mozilla/5.0 (Windows NT 10.0; Win64; x64) AppleWebKit/537.36 (KHTML, like Gecko) Chrome/139.0.0.0 Safari/537.36", "content_type": null}, "data": {"request_id": "81c086be-efa3-4f5f-b424-6a13b51e6284", "method": "GET", "path": "/api/items/categories", "status_code": 200, "duration_ms": 1.5130043029785156, "content_length": 844, "remote_addr": "127.0.0.1"}}
{"timestamp": "2025-08-27T19:01:31.363566Z", "level": "INFO", "logger": "werkzeug", "message": "127.0.0.1 - - [27/Aug/2025 22:01:31] \"GET /api/items/categories HTTP/1.1\" 200 -", "module": "_internal", "function": "_log", "line": 97, "thread": 13204, "process": 26236}
{"timestamp": "2025-08-27T19:01:31.712362Z", "level": "INFO", "logger": "app", "message": "Request completed: GET /catalog/plates.jpg - 304 in 2.50ms", "module": "main", "function": "after_request", "line": 61, "thread": 11324, "process": 26236, "request_id": "24cc5d5e-8589-4639-8af0-b2a5cbc10b14", "http": {"method": "GET", "url": "http://localhost:5000/catalog/plates.jpg", "remote_addr": "127.0.0.1", "user_agent": "Mozilla/5.0 (Windows NT 10.0; Win64; x64) AppleWebKit/537.36 (KHTML, like Gecko) Chrome/139.0.0.0 Safari/537.36", "content_type": null}, "data": {"request_id": "24cc5d5e-8589-4639-8af0-b2a5cbc10b14", "method": "GET", "path": "/catalog/plates.jpg", "status_code": 304, "duration_ms": 2.4983882904052734, "content_length": 605654, "remote_addr": "127.0.0.1"}}
{"timestamp": "2025-08-27T19:01:31.713612Z", "level": "INFO", "logger": "app", "message": "Request completed: GET /catalog/chiavari_chairs.jpg - 304 in 3.22ms", "module": "main", "function": "after_request", "line": 61, "thread": 14668, "process": 26236, "request_id": "a3b65498-fdfe-4655-8266-1c882015c1c3", "http": {"method": "GET", "url": "http://localhost:5000/catalog/chiavari_chairs.jpg", "remote_addr": "127.0.0.1", "user_agent": "Mozilla/5.0 (Windows NT 10.0; Win64; x64) AppleWebKit/537.36 (KHTML, like Gecko) Chrome/139.0.0.0 Safari/537.36", "content_type": null}, "data": {"request_id": "a3b65498-fdfe-4655-8266-1c882015c1c3", "method": "GET", "path": "/catalog/chiavari_chairs.jpg", "status_code": 304, "duration_ms": 3.220081329345703, "content_length": 605654, "remote_addr": "127.0.0.1"}}
{"timestamp": "2025-08-27T19:01:31.713862Z", "level": "INFO", "logger": "app", "message": "Request completed: GET /catalog/sound_system.jpg - 304 in 2.42ms", "module": "main", "function": "after_request", "line": 61, "thread": 476, "process": 26236, "request_id": "bf63a245-09df-4094-a14a-62b39acc04bc", "http": {"method": "GET", "url": "http://localhost:5000/catalog/sound_system.jpg", "remote_addr": "127.0.0.1", "user_agent": "Mozilla/5.0 (Windows NT 10.0; Win64; x64) AppleWebKit/537.36 (KHTML, like Gecko) Chrome/139.0.0.0 Safari/537.36", "content_type": null}, "data": {"request_id": "bf63a245-09df-4094-a14a-62b39acc04bc", "method": "GET", "path": "/catalog/sound_system.jpg", "status_code": 304, "duration_ms": 2.4230480194091797, "content_length": 605654, "remote_addr": "127.0.0.1"}}
{"timestamp": "2025-08-27T19:01:31.714180Z", "level": "INFO", "logger": "app", "message": "Request completed: GET /catalog/centerpieces.jpg - 304 in 3.26ms", "module": "main", "function": "after_request", "line": 61, "thread": 18960, "process": 26236, "request_id": "fb6fe248-dffa-4ca2-b02d-6a663a08b329", "http": {"method": "GET", "url": "http://localhost:5000/catalog/centerpieces.jpg", "remote_addr": "127.0.0.1", "user_agent": "Mozilla/5.0 (Windows NT 10.0; Win64; x64) AppleWebKit/537.36 (KHTML, like Gecko) Chrome/139.0.0.0 Safari/537.36", "content_type": null}, "data": {"request_id": "fb6fe248-dffa-4ca2-b02d-6a663a08b329", "method": "GET", "path": "/catalog/centerpieces.jpg", "status_code": 304, "duration_ms": 3.2608509063720703, "content_length": 605654, "remote_addr": "127.0.0.1"}}
{"timestamp": "2025-08-27T19:01:31.714811Z", "level": "INFO", "logger": "werkzeug", "message": "127.0.0.1 - - [27/Aug/2025 22:01:31] \"\u001b[36mGET /catalog/plates.jpg HTTP/1.1\u001b[0m\" 304 -", "module": "_internal", "function": "_log", "line": 97, "thread": 11324, "process": 26236}
{"timestamp": "2025-08-27T19:01:31.715373Z", "level": "INFO", "logger": "app", "message": "Request completed: GET /catalog/led_lighting.jpg - 304 in 2.43ms", "module": "main", "function": "after_request", "line": 61, "thread": 9152, "process": 26236, "request_id": "4506bafd-bc89-4876-b96a-6941e177daed", "http": {"method": "GET", "url": "http://localhost:5000/catalog/led_lighting.jpg", "remote_addr": "127.0.0.1", "user_agent": "Mozilla/5.0 (Windows NT 10.0; Win64; x64) AppleWebKit/537.36 (KHTML, like Gecko) Chrome/139.0.0.0 Safari/537.36", "content_type": null}, "data": {"request_id": "4506bafd-bc89-4876-b96a-6941e177daed", "method": "GET", "path": "/catalog/led_lighting.jpg", "status_code": 304, "duration_ms": 2.428770065307617, "content_length": 605654, "remote_addr": "127.0.0.1"}}
{"timestamp": "2025-08-27T19:01:31.715532Z", "level": "INFO", "logger": "werkzeug", "message": "127.0.0.1 - - [27/Aug/2025 22:01:31] \"\u001b[36mGET /catalog/chiavari_chairs.jpg HTTP/1.1\u001b[0m\" 304 -", "module": "_internal", "function": "_log", "line": 97, "thread": 14668, "process": 26236}
{"timestamp": "2025-08-27T19:01:31.716064Z", "level": "INFO", "logger": "werkzeug", "message": "127.0.0.1 - - [27/Aug/2025 22:01:31] \"\u001b[36mGET /catalog/sound_system.jpg HTTP/1.1\u001b[0m\" 304 -", "module": "_internal", "function": "_log", "line": 97, "thread": 476, "process": 26236}
{"timestamp": "2025-08-27T19:01:31.716716Z", "level": "INFO", "logger": "werkzeug", "message": "127.0.0.1 - - [27/Aug/2025 22:01:31] \"\u001b[36mGET /catalog/centerpieces.jpg HTTP/1.1\u001b[0m\" 304 -", "module": "_internal", "function": "_log", "line": 97, "thread": 18960, "process": 26236}
{"timestamp": "2025-08-27T19:01:31.717553Z", "level": "INFO", "logger": "werkzeug", "message": "127.0.0.1 - - [27/Aug/2025 22:01:31] \"\u001b[36mGET /catalog/led_lighting.jpg HTTP/1.1\u001b[0m\" 304 -", "module": "_internal", "function": "_log", "line": 97, "thread": 9152, "process": 26236}
{"timestamp": "2025-08-27T19:03:02.924582Z", "level": "INFO", "logger": "werkzeug", "message": " * Detected change in 'C:\\\\Users\\\\razam\\\\Desktop\\\\Wedding\\\\Server\\\\quick_mongo.py', reloading", "module": "_internal", "function": "_log", "line": 97, "thread": 31408, "process": 26236}
{"timestamp": "2025-08-27T19:03:02.925732Z", "level": "INFO", "logger": "apscheduler.scheduler", "message": "Scheduler has been shut down", "module": "base", "function": "shutdown", "line": 245, "thread": 31408, "process": 26236}
{"timestamp": "2025-08-27T19:03:03.523555Z", "level": "INFO", "logger": "werkzeug", "message": " * Restarting with stat", "module": "_internal", "function": "_log", "line": 97, "thread": 29464, "process": 5680}
{"timestamp": "2025-08-27T19:03:06.682266Z", "level": "INFO", "logger": "app", "message": "Wedding Planner application starting", "module": "logger_config", "function": "init_app_logging", "line": 447, "thread": 8996, "process": 13108, "data": {"log_level": "INFO", "environment": "development", "python_version": "3.13.3 (tags/v3.13.3:6280bb5, Apr  8 2025, 14:47:33) [MSC v.1943 64 bit (AMD64)]", "cwd": "C:\\Users\\razam\\Desktop\\Wedding\\Server"}}
{"timestamp": "2025-08-27T19:03:06.682868Z", "level": "INFO", "logger": "app", "message": "Creating Flask application in development environment", "module": "main", "function": "create_app", "line": 30, "thread": 8996, "process": 13108}
{"timestamp": "2025-08-27T19:03:06.683161Z", "level": "INFO", "logger": "app", "message": "MongoDB URI configured: mongodb://localhost:27017/wedding_planner", "module": "main", "function": "create_app", "line": 43, "thread": 8996, "process": 13108}
{"timestamp": "2025-08-27T19:03:06.686486Z", "level": "INFO", "logger": "app", "message": "Registering API blueprints", "module": "main", "function": "create_app", "line": 76, "thread": 8996, "process": 13108}
{"timestamp": "2025-08-27T19:03:06.701615Z", "level": "INFO", "logger": "app", "message": "Setting up background scheduler for booking reminders", "module": "main", "function": "create_app", "line": 155, "thread": 8996, "process": 13108}
{"timestamp": "2025-08-27T19:03:06.710658Z", "level": "INFO", "logger": "apscheduler.scheduler", "message": "Adding job tentatively -- it will be properly scheduled when the scheduler starts", "module": "base", "function": "add_job", "line": 507, "thread": 8996, "process": 13108}
{"timestamp": "2025-08-27T19:03:06.711708Z", "level": "INFO", "logger": "apscheduler.scheduler", "message": "Added job \"create_app.<locals>.scheduled_send_booking_return_reminders\" to job store \"default\"", "module": "base", "function": "_real_add_job", "line": 1090, "thread": 8996, "process": 13108}
{"timestamp": "2025-08-27T19:03:06.712260Z", "level": "INFO", "logger": "apscheduler.scheduler", "message": "Scheduler started", "module": "base", "function": "start", "line": 214, "thread": 8996, "process": 13108}
{"timestamp": "2025-08-27T19:03:06.713103Z", "level": "INFO", "logger": "app", "message": "Initializing database and collections", "module": "main", "function": "create_app", "line": 161, "thread": 8996, "process": 13108}
{"timestamp": "2025-08-27T19:03:06.733519Z", "level": "INFO", "logger": "models", "message": "Database initialized successfully with MongoDB", "module": "models", "function": "init_db", "line": 357, "thread": 8996, "process": 13108}
{"timestamp": "2025-08-27T19:03:06.734268Z", "level": "INFO", "logger": "app", "message": "Sending initial booking return reminders", "module": "main", "function": "create_app", "line": 168, "thread": 8996, "process": 13108}
{"timestamp": "2025-08-27T19:03:06.736442Z", "level": "INFO", "logger": "bookings", "message": "Return reminders processing completed", "module": "bookings", "function": "send_booking_return_reminders", "line": 722, "thread": 8996, "process": 13108}
{"timestamp": "2025-08-27T19:03:06.737277Z", "level": "INFO", "logger": "app", "message": "Flask application created successfully", "module": "main", "function": "create_app", "line": 175, "thread": 8996, "process": 13108}
{"timestamp": "2025-08-27T19:03:06.737550Z", "level": "INFO", "logger": "main", "message": "Starting Wedding Planner application on port 5000", "module": "main", "function": "<module>", "line": 184, "thread": 8996, "process": 13108}
{"timestamp": "2025-08-27T19:03:06.749213Z", "level": "WARNING", "logger": "werkzeug", "message": " * Debugger is active!", "module": "_internal", "function": "_log", "line": 97, "thread": 8996, "process": 13108}
{"timestamp": "2025-08-27T19:03:06.755166Z", "level": "INFO", "logger": "werkzeug", "message": " * Debugger PIN: 100-052-627", "module": "_internal", "function": "_log", "line": 97, "thread": 8996, "process": 13108}
{"timestamp": "2025-08-27T19:05:20.879630Z", "level": "INFO", "logger": "app", "message": "Request completed: GET /api/items/categories - 200 in 1.27ms", "module": "main", "function": "after_request", "line": 61, "thread": 7100, "process": 13108, "request_id": "4f612243-3190-4db4-98a5-646c12731747", "http": {"method": "GET", "url": "http://localhost:5000/api/items/categories", "remote_addr": "127.0.0.1", "user_agent": "Mozilla/5.0 (Windows NT 10.0; Win64; x64) AppleWebKit/537.36 (KHTML, like Gecko) Chrome/139.0.0.0 Safari/537.36", "content_type": null}, "data": {"request_id": "4f612243-3190-4db4-98a5-646c12731747", "method": "GET", "path": "/api/items/categories", "status_code": 200, "duration_ms": 1.2669563293457031, "content_length": 844, "remote_addr": "127.0.0.1"}}
{"timestamp": "2025-08-27T19:05:20.880809Z", "level": "INFO", "logger": "werkzeug", "message": "127.0.0.1 - - [27/Aug/2025 22:05:20] \"GET /api/items/categories HTTP/1.1\" 200 -", "module": "_internal", "function": "_log", "line": 97, "thread": 7100, "process": 13108}
{"timestamp": "2025-08-27T19:05:21.142538Z", "level": "INFO", "logger": "app", "message": "Request completed: GET /api/items/categories - 200 in 1.67ms", "module": "main", "function": "after_request", "line": 61, "thread": 7440, "process": 13108, "request_id": "86e797ae-66d0-4314-b1fe-8814fda36ff0", "http": {"method": "GET", "url": "http://localhost:5000/api/items/categories", "remote_addr": "127.0.0.1", "user_agent": "Mozilla/5.0 (Windows NT 10.0; Win64; x64) AppleWebKit/537.36 (KHTML, like Gecko) Chrome/139.0.0.0 Safari/537.36", "content_type": null}, "data": {"request_id": "86e797ae-66d0-4314-b1fe-8814fda36ff0", "method": "GET", "path": "/api/items/categories", "status_code": 200, "duration_ms": 1.6663074493408203, "content_length": 844, "remote_addr": "127.0.0.1"}}
{"timestamp": "2025-08-27T19:05:21.143453Z", "level": "INFO", "logger": "werkzeug", "message": "127.0.0.1 - - [27/Aug/2025 22:05:21] \"GET /api/items/categories HTTP/1.1\" 200 -", "module": "_internal", "function": "_log", "line": 97, "thread": 7440, "process": 13108}
